publication_ID	source_file	Pages	Type	Volume	DOI	Issue	OpenAlex_ID	OA_Licence	Authors	Is_OA	Title	Abstract	Corresponding_Institutions	Grants	OA_Status	Year	Referenced_Works	Is_Paratext	OA_URL	Language	Journal	Cited_by	Corresponding_Authors
PA_PUB_0000001	CANPUB_openalex.tsv	421-421	article	6	https://doi.org/10.2307/3550028	2	https://openalex.org/W2326187527		Panayotis Soldatos (P. Soldatos); Author_ID: https://openalex.org/A5017797910; ORCID: None; Position: first; Countries: N/A; Institutions: N/A; Affiliations: N/A | K. Valaskakis (K. Valaskakis); Author_ID: https://openalex.org/A5082194576; ORCID: None; Position: last; Countries: N/A; Institutions: N/A; Affiliations: N/A	FALSE	'L'Option Europe'; analyse de la plausibilité d'une association Québec / Canada/Europe				closed	1980		FALSE		fr	Canadian Public Policy	0	
PA_PUB_0000002	CANPUB_openalex.tsv	106-106	article	6	https://doi.org/10.2307/3550073	1	https://openalex.org/W2001934765		Richard J. Joy (Richard J. Joy); Author_ID: https://openalex.org/A5035394807; ORCID: None; Position: first; Countries: N/A; Institutions: N/A; Affiliations: N/A	FALSE	A Demographic View on Canadian Language Policy: A Comment				closed	1980		FALSE		en	Canadian Public Policy	1	https://openalex.org/A5035394807
PA_PUB_0000003	PAR_openalex.tsv	222-222	article	40	https://doi.org/10.2307/975374	3	https://openalex.org/W2333030066		Michael D. Joehnk (Michael D. Joehnk); Author_ID: https://openalex.org/A5057018159; ORCID: None; Position: first; Countries: N/A; Institutions: N/A; Affiliations: N/A | David S. Kidwell (David S. Kidwell); Author_ID: https://openalex.org/A5078792126; ORCID: None; Position: last; Countries: N/A; Institutions: N/A; Affiliations: N/A	FALSE	A Look at Competitive and Negotiated Underwriting Costs in the Municipal Bond Market	"sample and those responding was such as to give confidence that the findings reported are representative of Washington State employees as a whole. 15. Richard Clingenpeel, How Employees Feel About Appraisal, Personnel, Vol. 39, No. 3 (May/June 1962), p. 73 (pp. 70-77). 16. Raymond Van Zelst and Willard Kerr, Workers' Attitudes Toward Merit Rating, Personnel Psychology, Vol. 6 (1953), pp. 159 and 170 (pp. 159-172). 17. For an informative discussion of research findings and a thorough listing of sources relevant to the diverse effects of organizational setting upon the operation of performance appraisal programs see: Public Services Laboratory, Do Productivity Measures Pay Off for Employee Performance? (Washington, D.C.: Georgetown University, 1975), esp. pp. 69-88. 18. Paul Thompson and Gene Dalton, Performance Appraisal: Managers Beware, Harvard Business Review, Vol. 48, No. 1 (January/February 1970), pp. 149-157. 19. C. J. Coleman, Avoiding the Pitfalls in Results-Oriented Appraisals, Personnel, Vol. 39, No. 6 (November/ December 1962), pp. 24-33. 20. J. M. Michael, Problem Situations in Counseling, Personnel, Vol. 42, No. 5 (September/October 1965), pp. 16-22. 21. Readers who are interested in such questions can communicate directly with the Division of Governmental Studies and Services at Washington State University. A number of worldng papers and supplementary analyses are currently in preparation on these and related issues."			closed	1980	https://openalex.org/W1980040830 | https://openalex.org/W2049228437 | https://openalex.org/W1524896244 | https://openalex.org/W2796862836 | https://openalex.org/W2111134917 | https://openalex.org/W1574672380	FALSE		en	Public Administration Review	19	
PA_PUB_0000004	AJPA_openalex.tsv	70-88	article	39	https://doi.org/10.1111/j.1467-8500.1980.tb00892.x	1	https://openalex.org/W2155234861		R. W. Archer (R. W. Archer); Author_ID: https://openalex.org/A5104350788; ORCID: None; Position: first; Countries: N/A; Institutions: N/A; Affiliations: N/A	FALSE	A MUNICIPAL LAND POOLING PROJECT IN PERTH	"Planning control of urban land use in most of the Australian States is by the planning scheme system and is authorized by legislation based on the English Town and Country Planning Act, 1932. Under this system each planning authority prepares a land use zoning and reservation plan designed to accommodate the forecast urban growth. It then reviews and regulates the proposals for urban development projects as they are brought forward to ensure that they conform to the plan."			closed	1980	https://openalex.org/W2168420475 | https://openalex.org/W2039657628	FALSE		en	Australian Journal of Public Administration	3	https://openalex.org/A5104350788
PA_PUB_0000005	IRAS_openalex.tsv	237-243	article	46	https://doi.org/10.1177/002085238004600303	3	https://openalex.org/W2025241891		Gregory D. Foster (Gregory D. Foster); Author_ID: https://openalex.org/A5109371074; ORCID: None; Position: first; Countries: N/A; Institutions: N/A; Affiliations: N/A	FALSE	A Methodological Approach to Administrative Development Intervention				closed	1980		FALSE		en	International Review of Administrative Sciences	3	https://openalex.org/A5109371074
PA_PUB_0000006	AJPA_openalex.tsv	508-516	article	39	https://doi.org/10.1111/j.1467-8500.1980.tb00475.x	03-Apr	https://openalex.org/W2033865499		Geoffrey Hawker (Geoffrey Hawker); Author_ID: https://openalex.org/A5064711180; ORCID: https://orcid.org/0000-0002-0809-5986; Position: first; Countries: N/A; Institutions: N/A; Affiliations: N/A	FALSE	A NEW PUBLIC ADMINISTRATION				closed	1980		FALSE		en	Australian Journal of Public Administration	238	https://openalex.org/A5064711180
PA_PUB_0000007	PAR_openalex.tsv	474-474	article	40	https://doi.org/10.2307/3110203	5	https://openalex.org/W2324495246		Laura Volk (Laura Volk); Author_ID: https://openalex.org/A5084834900; ORCID: None; Position: first; Countries: N/A; Institutions: N/A; Affiliations: N/A | Jeanne B. Hutchins (Jeanne B. Hutchins); Author_ID: https://openalex.org/A5009442533; ORCID: None; Position: middle; Countries: N/A; Institutions: N/A; Affiliations: N/A | Jean S. Doremus (Jean S. Doremus); Author_ID: https://openalex.org/A5050281190; ORCID: None; Position: last; Countries: N/A; Institutions: N/A; Affiliations: N/A	FALSE	A National Cost-Containment Strategy for Long-Term Care	"Inflationary pressures which have accelerated, unrestrained by government, in the 1970s have shaken the economic order and brought about a crisis in confidence of the American people in their government. Public concern over high taxes and uncontrolled spending for essential services has fostered a conservative mood at the dawn of the new decade. There is surprising agreement among citizens today that the government is unable to curb inflation; moreover, there is a growing suspicion that government is responsible for its continued upward spiral. Whether the federal, state, and local governments can restore the public faith will depend on the ability of government officials to formulate cost-effective solutions to our social, economic, and political problems. The essay presented here used a cost-containment approach in the development of a national strategy for dealing with one such problem: long-term health care. The strategy was devised by a team of graduate students in public administration at the State University of New York at Brockport. The concept combines a proposed delivery system for long-term health care with an insurance plan which provides incentives for cost savings. The authors are indebted to Gerald Eggert, director of Access, a delivery system model for long-term health care in Rochester, New York, and also to Christine E. Bishop' for her insurance plan outlined in a Brandeis University discussion paper. The authors of this essay drew on the efforts of these two people in adapting and combining ideas and concepts to create a comprehensive national strategy for cost control of long-term health care. A compendium of interim strategies developed to alleviate problems identified in long-term health care is included in the essay. Compiled from an extensive search of the literature, these proposals are aimed at eradicating some of the basic causes of problems identified with reimbursement for long-term care. Further research is needed, not only to refine the proposal and develop legislation that embodies the concepts presented in the essay but to explore other governmental service areas where the cost-containment approach may also be applied. Introduction"			closed	1980		FALSE		en	Public Administration Review	2	
PA_PUB_0000008	PUBPERS_openalex.tsv	94-98	article	9	https://doi.org/10.1177/009102608000900206	2	https://openalex.org/W2738744740		W. Donald Heisel (W.D. Heisel); Author_ID: https://openalex.org/A5048182725; ORCID: None; Position: first; Countries: N/A; Institutions: N/A; Affiliations: N/A	FALSE	A Non-Bureaucratic View of Management Development				closed	1980		FALSE		en	Public Personnel Management	1	https://openalex.org/A5048182725
PA_PUB_0000009	CANPUB_openalex.tsv	416-416	article	6	https://doi.org/10.2307/3550023	2	https://openalex.org/W2035300514		Roger Suffling (Roger Suffling); Author_ID: https://openalex.org/A5086216820; ORCID: https://orcid.org/0000-0003-0763-7883; Position: first; Countries: N/A; Institutions: N/A; Affiliations: N/A | Franklyn Griffiths (Franklyn Griffiths); Author_ID: https://openalex.org/A5067944041; ORCID: None; Position: last; Countries: N/A; Institutions: N/A; Affiliations: N/A	FALSE	A Northern Foreign Policy				closed	1980		FALSE		en	Canadian Public Policy	8	
PA_PUB_0000010	AJPA_openalex.tsv	293-300	article	39	https://doi.org/10.1111/j.1467-8500.1980.tb00460.x	03-Apr	https://openalex.org/W2101008115		Anne‐Marie Gardner (A. J. A. Gardner); Author_ID: https://openalex.org/A5016933549; ORCID: None; Position: first; Countries: N/A; Institutions: N/A; Affiliations: N/A	FALSE	A PRACTITIONER'S VIEWPOINT	"For over a quarter of a century the work and thought of Robert Parker and Dick Spann have profoundly influenced the study of public administration in Australia. Their contributions to the discipline have been so wide‐ranging and so much part of an integrated whole that when dealing with matters of general principle their work is equally relevant to the Commonwealth, State and local levels of administration. However, as this appreciation of what their work meant for a practising administrator is written from the perspective of a former State public servant, I shall concentrate below on the field with which I am most familiar."			closed	1980		FALSE		en	Australian Journal of Public Administration	0	https://openalex.org/A5016933549
PA_PUB_0000011	PAD_openalex.tsv	183-193	article	19	https://doi.org/10.1002/j.1099-162x.1980.tb01069.x	3	https://openalex.org/W1588217491		Alan Kingshotte (Alan Kingshotte); Author_ID: https://openalex.org/A5031260062; ORCID: None; Position: first; Countries: N/A; Institutions: N/A; Affiliations: N/A	FALSE	A Planning and Management System for Extension and Farmer Assistance in Botswana				closed	1980		FALSE		en	Public Administration and Development	0	https://openalex.org/A5031260062
PA_PUB_0000012	PUBADM_openalex.tsv	287-303	article	58	https://doi.org/10.1111/j.1467-9299.1980.tb00407.x	3	https://openalex.org/W2031965675		"Gil Baldwin (G. R. BALDWIN); Author_ID: https://openalex.org/A5035564502; ORCID: None; Position: first; Countries: HU; Institutions: Institute for Legal Studies ### ID: https://openalex.org/I4210154337 ### ROR: https://ror.org/05ad0gz88 ### Type: facility; Affiliations: Dr. Baldwin is a Research Officer at the Centre for Socio‐Legal Studies, Oxford."	FALSE	A Quango Unleashed: The Abolition Guidance in Civil Aviation Licensing		https://openalex.org/I4210154337		closed	1980		FALSE		en	Public Administration	0	https://openalex.org/A5035564502
PA_PUB_0000013	PAR_openalex.tsv	297-297	article	40	https://doi.org/10.2307/975387	3	https://openalex.org/W2325720510		Charles Pruitt (Charles Pruitt); Author_ID: https://openalex.org/A5110854703; ORCID: None; Position: first; Countries: N/A; Institutions: N/A; Affiliations: N/A	FALSE	A Question of Purpose				closed	1980		FALSE		en	Public Administration Review	1	https://openalex.org/A5110854703
PA_PUB_0000014	PAR_openalex.tsv	627-627	article	40	https://doi.org/10.2307/3110318	6	https://openalex.org/W2313030504		David L. Dillman (David L. Dillman); Author_ID: https://openalex.org/A5110344518; ORCID: None; Position: first; Countries: N/A; Institutions: N/A; Affiliations: N/A | Peter Kellner (Peter Kellner); Author_ID: https://openalex.org/A5057910745; ORCID: None; Position: middle; Countries: N/A; Institutions: N/A; Affiliations: N/A | Lord Crowther-Hunt (Lord Crowther-Hunt); Author_ID: https://openalex.org/A5090680654; ORCID: None; Position: middle; Countries: N/A; Institutions: N/A; Affiliations: N/A | Brian Sedgemore (Brian Sedgemore); Author_ID: https://openalex.org/A5091408657; ORCID: None; Position: middle; Countries: N/A; Institutions: N/A; Affiliations: N/A | Richard A. Chapman (Richard A. Chapman); Author_ID: https://openalex.org/A5109036377; ORCID: None; Position: middle; Countries: N/A; Institutions: N/A; Affiliations: N/A | John Greenaway (J. R. Greenaway); Author_ID: https://openalex.org/A5031713488; ORCID: None; Position: last; Countries: N/A; Institutions: N/A; Affiliations: N/A	FALSE	A Search for Responsible Administration: Turbulence and Reform in the British Civil Service				closed	1980		FALSE		en	Public Administration Review	6	
PA_PUB_0000015	PUBPERS_openalex.tsv	116-124	article	9	https://doi.org/10.1177/009102608000900301	3	https://openalex.org/W2604706013		Charles F. Sproule (Charles F. Sproule); Author_ID: https://openalex.org/A5021845963; ORCID: None; Position: first; Countries: N/A; Institutions: N/A; Affiliations: Pennsylvania State Civil Service Commission	FALSE	A Strategy for Resource Allocation in Public Personnel Selection				closed	1980		FALSE		en	Public Personnel Management	1	https://openalex.org/A5021845963
PA_PUB_0000016	POLSTUJOU_openalex.tsv	613-622	article	9	https://doi.org/10.1111/j.1541-0072.1980.tb00973.x	4	https://openalex.org/W2064997135		William Leiss (William Leiss); Author_ID: https://openalex.org/A5021217627; ORCID: https://orcid.org/0000-0002-5192-1788; Position: first; Countries: CA; Institutions: Simon Fraser University ### ID: https://openalex.org/I18014758 ### ROR: https://ror.org/0213rcc28 ### Type: education; Affiliations:  Simon Fraser University	FALSE	A VALUE BASIS FOR CONSERVATION POLICY	"ABSTRACT This paper is a case study in attempting to apply a particular value (caring) to the domain of social policy, specifically resource conservation policy. The argument is that our consumer society erodes the social basis for the development by individuals of a sense of well‐being and personal identity, and that a conservation ethic based on the concept of caring could provide a foundation in practical morality and public policy for a viable sense of well‐being."	https://openalex.org/I18014758		closed	1980		FALSE		en	Policy Studies Journal	2	https://openalex.org/A5021217627
PA_PUB_0000017	POLICYSCI_openalex.tsv	83-104	article	12	https://doi.org/10.1007/bf00137364	1	https://openalex.org/W1980046508		"Clyde W. Holsapple (Clyde W. Holsapple); Author_ID: https://openalex.org/A5112391452; ORCID: None; Position: first; Countries: US; Institutions: University of Illinois System ### ID: https://openalex.org/I2801919071 ### ROR: https://ror.org/05e94g991 ### Type: education; Affiliations: Univ. of Illinois, Urbana | Herbert Moskowitz (Herbert Moskowitz); Author_ID: https://openalex.org/A5109220405; ORCID: None; Position: last; Countries: US; Institutions: Purdue University West Lafayette ### ID: https://openalex.org/I219193219 ### ROR: https://ror.org/02dqehb95 ### Type: education; Affiliations: Purdue University [West Lafayette]"	FALSE	A conceptual framework for studying complex decision processes				closed	1980	https://openalex.org/W1984914320 | https://openalex.org/W2322671590 | https://openalex.org/W2065405022 | https://openalex.org/W2059746088 | https://openalex.org/W4239008548 | https://openalex.org/W2030513969 | https://openalex.org/W6677012793 | https://openalex.org/W6794420258 | https://openalex.org/W2023722569 | https://openalex.org/W2089500450 | https://openalex.org/W4301424608 | https://openalex.org/W2170465675 | https://openalex.org/W2313239637 | https://openalex.org/W1983269138 | https://openalex.org/W2113690011 | https://openalex.org/W2329937548 | https://openalex.org/W3151216969 | https://openalex.org/W4205882326 | https://openalex.org/W4237808086 | https://openalex.org/W1977153588 | https://openalex.org/W1965349186 | https://openalex.org/W3022845691	FALSE		en	Policy Sciences	10	
PA_PUB_0000018	SCIPUB_openalex.tsv	None-None	article		https://doi.org/10.1093/spp/7.3.198		https://openalex.org/W4243162473		"P D Ekbote (P D Ekbote); Author_ID: https://openalex.org/A5099351319; ORCID: None; Position: first; Countries: IN; Institutions: National Institute for Interdisciplinary Science and Technology ### ID: https://openalex.org/I146682468 ### ROR: https://ror.org/05bkc5375 ### Type: facility; Affiliations: Regional Research Laboratory, Trivandrum, Kerala, India | Syam Mohan (S Mohan); Author_ID: https://openalex.org/A5113458610; ORCID: None; Position: middle; Countries: IN; Institutions: National Institute for Interdisciplinary Science and Technology ### ID: https://openalex.org/I146682468 ### ROR: https://ror.org/05bkc5375 ### Type: facility; Affiliations: Regional Research Laboratory, Trivandrum, Kerala, India | P. K. Rohatgi (P K Rohatgi); Author_ID: https://openalex.org/A5004824128; ORCID: None; Position: middle; Countries: IN; Institutions: National Institute for Interdisciplinary Science and Technology ### ID: https://openalex.org/I146682468 ### ROR: https://ror.org/05bkc5375 ### Type: facility; Affiliations: Regional Research Laboratory, Trivandrum, Kerala, India | H. Sreemoolanathan (H Sreemoolanathan); Author_ID: https://openalex.org/A5070184919; ORCID: None; Position: middle; Countries: IN; Institutions: National Institute for Interdisciplinary Science and Technology ### ID: https://openalex.org/I146682468 ### ROR: https://ror.org/05bkc5375 ### Type: facility; Affiliations: Regional Research Laboratory, Trivandrum, Kerala, India | Shailendra Kumar (S Suresh Kumar); Author_ID: https://openalex.org/A5032547592; ORCID: https://orcid.org/0000-0002-5361-5389; Position: middle; Countries: IN; Institutions: National Institute for Interdisciplinary Science and Technology ### ID: https://openalex.org/I146682468 ### ROR: https://ror.org/05bkc5375 ### Type: facility; Affiliations: Regional Research Laboratory, Trivandrum, Kerala, India | R. N. Yadava (R N Yadava); Author_ID: https://openalex.org/A5077082333; ORCID: None; Position: last; Countries: IN; Institutions: National Institute for Interdisciplinary Science and Technology ### ID: https://openalex.org/I146682468 ### ROR: https://ror.org/05bkc5375 ### Type: facility; Affiliations: Regional Research Laboratory, Trivandrum, Kerala, India"	FALSE	A forecasting study of Kerala	"A forecasting study of Kerala Get access P D Ekbote, P D Ekbote Regional Research Laboratory, Trivandrum, Kerala, India Search for other works by this author on: Oxford Academic Google Scholar S Mohan, S Mohan Regional Research Laboratory, Trivandrum, Kerala, India Search for other works by this author on: Oxford Academic Google Scholar P K Rohatgi, P K Rohatgi Regional Research Laboratory, Trivandrum, Kerala, India Search for other works by this author on: Oxford Academic Google Scholar H Sreemoolanathan, H Sreemoolanathan Regional Research Laboratory, Trivandrum, Kerala, India Search for other works by this author on: Oxford Academic Google Scholar S Suresh Kumar, S Suresh Kumar Regional Research Laboratory, Trivandrum, Kerala, India Search for other works by this author on: Oxford Academic Google Scholar R N Yadava R N Yadava Regional Research Laboratory, Trivandrum, Kerala, India Search for other works by this author on: Oxford Academic Google Scholar Science and Public Policy, Volume 7, Issue 3, June 1980, Pages 198–207, https://doi.org/10.1093/spp/7.3.198 Published: 01 June 1980"			closed	1980		FALSE		en	Science and Public Policy	0	
PA_PUB_0000019	AJPA_openalex.tsv	464-477	article	39	https://doi.org/10.1111/j.1467-8500.1980.tb00472.x	03-Apr	https://openalex.org/W2093149972		Bernard Schaffer (Bernard Schaffer); Author_ID: https://openalex.org/A5039184941; ORCID: None; Position: first; Countries: N/A; Institutions: N/A; Affiliations: N/A	FALSE	ADMINISTRATION AND DAILY LIFE				closed	1980	https://openalex.org/W2043335149 | https://openalex.org/W2085435540 | https://openalex.org/W2108958824 | https://openalex.org/W1975213899	FALSE		en	Australian Journal of Public Administration	2	https://openalex.org/A5039184941
PA_PUB_0000020	AJPA_openalex.tsv	454-463	article	39	https://doi.org/10.1111/j.1467-8500.1980.tb00471.x	03-Apr	https://openalex.org/W4256340818		Colin A. Hughes (Colin A. Hughes); Author_ID: https://openalex.org/A5066112945; ORCID: None; Position: first; Countries: N/A; Institutions: N/A; Affiliations: N/A	FALSE	ADMINISTRATIVE ETHICS				closed	1980		FALSE		en	Australian Journal of Public Administration	1	https://openalex.org/A5066112945
PA_PUB_0000021	AJPA_openalex.tsv	437-453	article	39	https://doi.org/10.1111/j.1467-8500.1980.tb00470.x	03-Apr	https://openalex.org/W4243906537		Gerald E. Caiden (Gerald E. Caiden); Author_ID: https://openalex.org/A5000016034; ORCID: None; Position: first; Countries: N/A; Institutions: N/A; Affiliations: N/A	FALSE	ADMINISTRATIVE REFORM				closed	1980	https://openalex.org/W2121547488	FALSE		en	Australian Journal of Public Administration	11	https://openalex.org/A5000016034
PA_PUB_0000022	POLSTUJOU_openalex.tsv	862-870	article	8	https://doi.org/10.1111/j.1541-0072.1980.tb01176.x	6	https://openalex.org/W2092359242		Marshall Carter (Marshall Carter); Author_ID: https://openalex.org/A5012628569; ORCID: None; Position: first; Countries: US; Institutions: Foreign Service Institute ### ID: https://openalex.org/I32135785 ### ROR: https://ror.org/05hb6w248 ### Type: government; Affiliations: U.S. Foreign Service	FALSE	AGENCY FRACMENTATION AND ITS EFFECTS ON IMPACT: A BORDERLANDS CASE*	"ABSTRACT The US‐Mexico border is both a line of potential separation and a span of contact and blending of cultures. National and local perceptions and intentions about this boundary often differ, and the formulation and implementation of border policy is thus subject to many conflicting pressures. Not the least are those generated by government agencies with border responsibilities. Perspectives as local, border, and field offices, combined with inter‐agency rivalry and uncertain jurisdictions, lead to border management operations that are inconsistent with apparent national (central) policy, illustrated by the complex bureaucracy present in El Paso—the largest urban site on the border. Proposed solutions cluster around improvement of the existing structure (with better equipment, budgets, or staffing) or reorganization of the primary border agencies. Recent efforts by the federal government to introduce changes based on both of these approaches have been markedly unsuccessful, reflecting a continuing inability to resolve fundamental differences of opinion (both intracentral and central‐border) on the goals of border policy."	https://openalex.org/I32135785		closed	1980	https://openalex.org/W4240765700 | https://openalex.org/W2069754692 | https://openalex.org/W2012925042 | https://openalex.org/W4255869542 | https://openalex.org/W352527128 | https://openalex.org/W2079171997 | https://openalex.org/W2403912831	FALSE		en	Policy Studies Journal	0	https://openalex.org/A5012628569
PA_PUB_0000023	POLSTUJOU_openalex.tsv	958-964	article	8	https://doi.org/10.1111/j.1541-0072.1980.tb01188.x	6	https://openalex.org/W2078207105		John L. Foster (John L. Foster); Author_ID: https://openalex.org/A5113027674; ORCID: None; Position: first; Countries: US; Institutions: Southern Illinois University Carbondale ### ID: https://openalex.org/I110378019 ### ROR: https://ror.org/049kefs16 ### Type: education; Affiliations:  Southern Illinois University at Carbondale.	FALSE	AN ADVOCATE ROLE MODEL FOR POLICY ANALYSIS	"ABSTRACT The most common role descriptions for professional policy analysts may be described as “problem solving” models, these models assume that most policy issues are essentially technical problems which can be solved through professional expertise. This paper outlines an alternate advocacy analysis model which assumes that many policy problems are matters of competing self interests and that analysts will often be sought to provide the strongest possible case for a client's preference. It also reviews questions of feasibility, credibility, appropriate training, and ethics for an advocacy analysis profession."	https://openalex.org/I110378019		closed	1980	https://openalex.org/W2323266367 | https://openalex.org/W2802988859 | https://openalex.org/W1996245468 | https://openalex.org/W1970776358 | https://openalex.org/W2082051085 | https://openalex.org/W6609271914 | https://openalex.org/W2151707779 | https://openalex.org/W4241744899 | https://openalex.org/W2058107732 | https://openalex.org/W1562770622 | https://openalex.org/W2094810935 | https://openalex.org/W241745074 | https://openalex.org/W2332151492 | https://openalex.org/W2034576702 | https://openalex.org/W258912625	FALSE		en	Policy Studies Journal	22	https://openalex.org/A5113027674
PA_PUB_0000024	POLSTUJOU_openalex.tsv	260-270	article	9	https://doi.org/10.1111/j.1541-0072.1980.tb02202.x	2	https://openalex.org/W2117127258		"Joseph C. Morreale (Joseph C. Morreale); Author_ID: https://openalex.org/A5015455499; ORCID: None; Position: first; Countries: US; Institutions: Queens College, CUNY ### ID: https://openalex.org/I111455621 ### ROR: https://ror.org/03v8adn41 ### Type: education; Affiliations: Queens College, CUNY, New York, United States"	FALSE	AN EVALUATION OF THE NATIONAL HEALTH INSURANCE STRATEGY		https://openalex.org/I111455621		closed	1980	https://openalex.org/W1985016394 | https://openalex.org/W2096773481 | https://openalex.org/W2032311234 | https://openalex.org/W1965982664	FALSE		en	Policy Studies Journal	1	https://openalex.org/A5015455499
PA_PUB_0000025	POLSTUJOU_openalex.tsv	414-427	article	9	https://doi.org/10.1111/j.1541-0072.1980.tb00950.x	3	https://openalex.org/W2045260989		"David E. Dowall (David E. Dowall); Author_ID: https://openalex.org/A5051349061; ORCID: None; Position: first; Countries: US; Institutions: University of California, Berkeley ### ID: https://openalex.org/I95457486 ### ROR: https://ror.org/01an7q238 ### Type: education; Affiliations: University of California, Berkeley"	FALSE	AN EXAMINATION OF POPULATION‐GROWTH‐MANAGING COMMUNITIES	"ABSTRACT This paper examines the fiscal, social, economic and environmental characteristics of 228 cities and counties. Using cluster analysis, 210 communities were classified into eleven types of communities. The empirical typings appear to support the proposition that communities control population growth to avoid adverse fiscal and environmental impacts and maintain the social and economic character of the community."	https://openalex.org/I95457486		closed	1980	https://openalex.org/W2010998977 | https://openalex.org/W2024781228	FALSE		en	Policy Studies Journal	37	https://openalex.org/A5051349061
PA_PUB_0000026	POLSTUJOU_openalex.tsv	928-941	article	8	https://doi.org/10.1111/j.1541-0072.1980.tb01185.x	6	https://openalex.org/W2088279432		Kathryn E. Newcomer (Kathryn E. Newcomer); Author_ID: https://openalex.org/A5027650657; ORCID: https://orcid.org/0000-0002-1431-6634; Position: first; Countries: US; Institutions: University of Nebraska–Lincoln ### ID: https://openalex.org/I114395901 ### ROR: https://ror.org/043mer456 ### Type: education; Affiliations: #N##TAB##TAB##TAB##TAB# University of Nebraska-Lincoln#N##TAB##TAB##TAB# | R. J. Hardy (Richard J. Hardy); Author_ID: https://openalex.org/A5091186760; ORCID: https://orcid.org/0000-0003-1031-0160; Position: last; Countries: US; Institutions: University of Missouri ### ID: https://openalex.org/I76835614 ### ROR: https://ror.org/02ymw8z06 ### Type: education; Affiliations: UNIVERSITY OF MISSOURI‐COLUMBIA	FALSE	ANALYZING POLICY IMPACT: SELECTION OF A LINEAR TREND MODEL	"ABSTRACT Policy analysts, as well as politicians, have shown great interest in assessing both short‐term and long‐term consequences of public policies in recent years. Recent time‐trend studies have attempted to depict the time dimension of policy consequences through extensions of regression techniques. This study examines three linear trend models which have been used to depict policy impact through time‐series analyses, and identifies the relative advantages and disadvantages associated with the use of each model. The three models are applied in a quasi‐experimental time‐series design to time‐series of per capita state expenditures for large cities, in eight states, over a twenty‐year period. Differences in degrees of multicollinearity and autocorrelation inherent in the three models are discussed, and the model providing the most conservative coefficient estimates is identified."			closed	1980	https://openalex.org/W2322599481 | https://openalex.org/W6705990637 | https://openalex.org/W2022830804 | https://openalex.org/W2066124661 | https://openalex.org/W2064683083 | https://openalex.org/W2021111214 | https://openalex.org/W2312254718 | https://openalex.org/W6657436313 | https://openalex.org/W2123313284 | https://openalex.org/W2319949424 | https://openalex.org/W2120060924 | https://openalex.org/W4244193102 | https://openalex.org/W29668899 | https://openalex.org/W2094419105 | https://openalex.org/W2029299395 | https://openalex.org/W4301041382 | https://openalex.org/W598914937 | https://openalex.org/W2045181804 | https://openalex.org/W2316320978	FALSE		en	Policy Studies Journal	6	
PA_PUB_0000027	POLSTUJOU_openalex.tsv	622-633	article	9	https://doi.org/10.1111/j.1541-0072.1980.tb00974.x	4	https://openalex.org/W2048269091		Herbert G. Reid (Herbert G. Reid); Author_ID: https://openalex.org/A5111465578; ORCID: None; Position: first; Countries: US; Institutions: University of Kentucky ### ID: https://openalex.org/I143302722 ### ROR: https://ror.org/02k3smh20 ### Type: education; Affiliations: #N##TAB##TAB##TAB##TAB# Univ. of Kentucky#N##TAB##TAB##TAB#	FALSE	"APPALACHIAN POLICY, THE CORPORATE STATE, AND AMERICAN VALUES: A CRITICAL PERSPECTIVE"	"ABSTRACT This paper explores the historical interplay of Appalachia and America over the past hundred years. The focus is on questions of culture and ideology, policy and values as these have been constituted in the development of our “corporate state” and its penetration and integration of the region. A careful examination of Henry Shapiro's Appalachia on our Mind brings to the surface many of the assumptions and values generally underlying the social and public policies binding the nation and the region. Ideological aspects in the genesis of the region as a social problem receive considerable attention. It becomes apparent that understanding Appalachia hinges on critical, historical perspectives on modern America: the liberal tradition, the technological world‐view, and the politicized economy of the corporate state. The notion that “time stood still” in Appalachia (the static image) has developed in ways that deflect or obscure comprehension of the region's particular form of modernization."	https://openalex.org/I143302722		closed	1980	https://openalex.org/W1997850526	FALSE		en	Policy Studies Journal	3	https://openalex.org/A5111465578
PA_PUB_0000028	POLSTUJOU_openalex.tsv	102-108	article	9	https://doi.org/10.1111/j.1541-0072.1980.tb00928.x	1	https://openalex.org/W2152090532		Steven J. Brams (Steven J. Brams); Author_ID: https://openalex.org/A5010863735; ORCID: https://orcid.org/0000-0003-3650-0392; Position: first; Countries: US; Institutions: New York University ### ID: https://openalex.org/I57206974 ### ROR: https://ror.org/0190ak572 ### Type: education; Affiliations: New York University	FALSE	APPROVAL VOTING IN MULTICANDIDATE ELECTIONS		https://openalex.org/I57206974		closed	1980	https://openalex.org/W2063141501 | https://openalex.org/W4253543286 | https://openalex.org/W3045904743 | https://openalex.org/W1993527581 | https://openalex.org/W1985969400 | https://openalex.org/W2066855419 | https://openalex.org/W2075491938 | https://openalex.org/W2039914285 | https://openalex.org/W2082779727 | https://openalex.org/W2324713466 | https://openalex.org/W2148880362 | https://openalex.org/W4242884548 | https://openalex.org/W2056723044 | https://openalex.org/W1538963401 | https://openalex.org/W2327091637 | https://openalex.org/W2328621856	FALSE		en	Policy Studies Journal	25	https://openalex.org/A5010863735
PA_PUB_0000029	INTSOC_openalex.tsv	189-195	article	33	https://doi.org/10.1111/j.1468-246x.1980.tb00669.x	2	https://openalex.org/W2002480505		"Arwed BARTMUSS (Arwed BARTMUSS); Author_ID: https://openalex.org/A5065247409; ORCID: None; Position: first; Countries: DE; Institutions: Federal Employment Agency ### ID: https://openalex.org/I4210093065 ### ROR: https://ror.org/00rdva175 ### Type: government; Affiliations: Director, Chief of Division, Federal Labour Institute, Nuremberg, Federal Republic of Germany"	FALSE	ASPECTS OF THE EMPLOYMENT OF FOREIGNERS IN THE FEDERAL REPUBLIC OF GERMANY		https://openalex.org/I4210093065		closed	1980		FALSE		en	International Social Security Review	0	https://openalex.org/A5065247409
PA_PUB_0000030	POLSTUJOU_openalex.tsv	81-86	article	9	https://doi.org/10.1111/j.1541-0072.1980.tb00925.x	1	https://openalex.org/W2058574190		Mark W. Huddleston (Mark W. Huddleston); Author_ID: https://openalex.org/A5026214016; ORCID: None; Position: first; Countries: US; Institutions: University of Delaware ### ID: https://openalex.org/I86501945 ### ROR: https://ror.org/01sbq1a82 ### Type: education; Affiliations: University of Delaware	FALSE	ASSESSING CONGRESSIONAL BUDGET REFORM: THE IMPACT ON APPROPRIATIONS	"ABSTRACT The 1974 Congressional Budget Reform was designed, at least in part, to enhance Congressional autonomy in the appropriations process and weaken the incrementalist rituals that have traditionally forestalled “rational” budget choices. This article assesses changes in patterns of spending decisions since 1974, and concludes that the legislation has, to date, had little discernible impact in these areas."	https://openalex.org/I86501945		closed	1980		FALSE		en	Policy Studies Journal	3	https://openalex.org/A5026214016
PA_PUB_0000031	SCIPUB_openalex.tsv	None-None	article		https://doi.org/10.1093/spp/7.3.154		https://openalex.org/W3155738892		"R.F. Griffiths (Richard F Griffiths); Author_ID: https://openalex.org/A5109984093; ORCID: None; Position: first; Countries: GB; Institutions: University of Manchester ### ID: https://openalex.org/I28407311 ### ROR: https://ror.org/027m9bs27 ### Type: education; Affiliations: Assistant Director Pollution Research Unit, UMIST/University of Manchester, UK"	FALSE	Acceptability and estimation in risk management	"Acceptability and estimation in risk management Richard F Griffiths Richard F Griffiths Assistant Director Pollution Research Unit, UMIST/University of Manchester, UK Search for other works by this author on: Oxford Academic Google Scholar Science and Public Policy, Volume 7, Issue 3, June 1980, Pages 154–161, https://doi.org/10.1093/spp/7.3.154 Published: 01 June 1980"	https://openalex.org/I28407311		closed	1980		FALSE		en	Science and Public Policy	5	https://openalex.org/A5109984093
PA_PUB_0000032	CANPA_openalex.tsv	542-557	article	23	https://doi.org/10.1111/j.1754-7121.1980.tb00316.x	4	https://openalex.org/W2019911510		"Waiter A. Baker (Waiter A. Baker); Author_ID: https://openalex.org/A5003873042; ORCID: None; Position: first; Countries: CA; Institutions: University of Ottawa ### ID: https://openalex.org/I153718931 ### ROR: https://ror.org/03c4mmv16 ### Type: education; Affiliations: Professor of public policy and management, Faculty of Administration, University of Ottawa"	FALSE	"Accountability, responsiveness and public sector productivity"	"Abstract. At present, the federal government is actively urging its public service managers to do four things: 1/ take firm control of public service activities in seeking ‘value for money’ productivity; 2/ accept responsibility for the timeliness and quality of the services they provide to their special publics; 3/ take positive steps toward upgrading their competence as managers and, within these steps, to develop and display a professional integrity and commitment to managing; and 4/ support moves toward a system of accountable management, built around the concept of up‐the‐line responsibility. Developing his position from the Friedrich‐Finer debate of the early 1940s, the author states there are strong tensions inherent in such a mix of expectations. He further states that the initiatives giving rise to the expectations are confronting a public service inadequately prepared to respond, with the possible consequences of a most adverse effect on public service morale. The paper seeks to help managers cope with the new challenges through clarifying the nature of the initiatives and presenting an approach designed to bring accountability and responsiveness into manageable harmony. Sommaire. En ce moment, le gouvernement fédéral encourage les gestionnaires à faire quatre choses: 1/ exercer un contrôle ferme des activités de la fonction publique afin de stimuler la productivité 2/ accepter la responsabilité de ľà‐propos et de la qualité des services offerts à leur clientèle; 3/ prendre les mesures appropriées afin ďaméliorer leur compétence comme gestionnaires et, par ces démarches, développer leur intégrité professionnelle et leur engagement comme administrateur; et 4/ appuyer leurs démarches en vue ďun système responsable de gestion, basé sur le concept de la responsabilité. En développant sa façon de voir à partir de débats Friedrich‐Finer depuis le début des années 40, ľauteur constate qu'il y a de fortes tensions inhérentes a un tel mélange ďattentes. II constate, de plus, que la fonction publique n'est pas préparée adéquatement à répondre à ces initiatives, une telle situation pouvant susciter des effets néfastes sur le moral de la fonction publique. ľarticle se propose ďaider les gestionnaires à faire face à ces nouveaux défis en clarifiant la nature des initiatives suggéiées. ľarticle suggère une approche pouvant faciliter ľharmonie entre responsabilité et flexibilité."	https://openalex.org/I153718931		closed	1980		FALSE		en	Canadian Public Administration	3	https://openalex.org/A5003873042
PA_PUB_0000033	PAR_openalex.tsv	421-421	article	40	https://doi.org/10.2307/3110195	5	https://openalex.org/W4235895356		John D. Montgomery (John D. Montgomery); Author_ID: https://openalex.org/A5110527871; ORCID: None; Position: first; Countries: N/A; Institutions: N/A; Affiliations: N/A	FALSE	"Administering to the Poor (Or, If We Can't Help Rich Dictators, What Can We Do for the Poor?)"				closed	1980		FALSE		en	Public Administration Review	6	https://openalex.org/A5110527871
PA_PUB_0000034	PUBADM_openalex.tsv	387-419	article	58	https://doi.org/10.1111/j.1467-9299.1980.tb00414.x	4	https://openalex.org/W2916083074		David Steel (DAVID R. STEEL); Author_ID: https://openalex.org/A5112741192; ORCID: None; Position: first; Countries: GB; Institutions: University of Exeter ### ID: https://openalex.org/I23923803 ### ROR: https://ror.org/03yghzc09 ### Type: education; Affiliations: The first part was written by Dr. Steel and the second by Mr. Stanyer. Both are members of the Politics Department at Exeter University. | Jeffrey Stanyer (JEFFREY STANYER); Author_ID: https://openalex.org/A5007050405; ORCID: None; Position: last; Countries: GB; Institutions: University of Exeter ### ID: https://openalex.org/I23923803 ### ROR: https://ror.org/03yghzc09 ### Type: education; Affiliations: The first part was written by Dr. Steel and the second by Mr. Stanyer. Both are members of the Politics Department at Exeter University.	FALSE	Administrative Developments in 1979: A Survey				closed	1980		FALSE		en	Public Administration	2	
PA_PUB_0000035	IRAS_openalex.tsv	i-ii	article	46	https://doi.org/10.1177/002085238004600110	1	https://openalex.org/W2076265515		Fernando Garrido Falla (F. Garrido Falla); Author_ID: https://openalex.org/A5078768325; ORCID: None; Position: first; Countries: N/A; Institutions: N/A; Affiliations: N/A	FALSE	Administrative Institutions in the Spanish Constitution				closed	1980		FALSE		en	International Review of Administrative Sciences	0	https://openalex.org/A5078768325
PA_PUB_0000036	IRAS_openalex.tsv	viii-viii	article	46	https://doi.org/10.1177/002085238004600118	1	https://openalex.org/W2079773204		Carlos Francisco Molina del Pozo (C.F. Molina del Pozo); Author_ID: https://openalex.org/A5091292559; ORCID: https://orcid.org/0000-0001-5074-8322; Position: first; Countries: N/A; Institutions: N/A; Affiliations: N/A	FALSE	Administrative Law and its Alignment with the Community's Legal System				closed	1980		FALSE		en	International Review of Administrative Sciences	0	https://openalex.org/A5091292559
PA_PUB_0000037	PAR_openalex.tsv	330-330	article	40	https://doi.org/10.2307/3110259	4	https://openalex.org/W2317359138		Ronald L. Krannich (Ronald L. Krannich); Author_ID: https://openalex.org/A5081493427; ORCID: None; Position: first; Countries: N/A; Institutions: N/A; Affiliations: N/A	FALSE	Administrative Leadership of Mayors: The Politics of Mayor-Manager Relationships in Thailand	"where C=A=$3900, B=.22, X=Y=.06, and D-$963. D* $9763. Then $9763 = 10858q + 4376(1-q), and q=.831. 16. It is also clear that increasing the percentage of tenant income which goes for rent provides no easy solution. The average tenant would have to pay over 45 percent of income in order to eliminate the estimated underfunding (22 percent of $9006 . $4376. 17. In FY 1977, $4734 `. $63652 = 7.47 percent. In FY 1980, ($4734 (1.10)3) $63652 = 9.9 percent. Data source: Table 3. 18. Irving Welfeld, That 'Housing Problem'-The American vs. The European Experience, The Public Interest, Number 27 (Spring 1972): 78-95. 19. As in Public Housing, Section 236 and 235, and Section 8-New Construction. The tandem plans are periodic exceptions, as are the indirect subsidies provided through the tax system."			closed	1980	https://openalex.org/W1490978112 | https://openalex.org/W2329310244 | https://openalex.org/W2312647864	FALSE		en	Public Administration Review	4	https://openalex.org/A5081493427
PA_PUB_0000038	ADMINSOC_openalex.tsv	69-92	article	12	https://doi.org/10.1177/009539978001200104	1	https://openalex.org/W1969117331		"Richard F. Vidmer (Richard F. Vidmer); Author_ID: https://openalex.org/A5080232790; ORCID: None; Position: first; Countries: US; Institutions: Washington Center ### ID: https://openalex.org/I4210142217 ### ROR: https://ror.org/03msb7010 ### Type: other; Affiliations: Washington, D. C."	FALSE	Administrative Science in the USSR	"Soviet studies of organization and management have experienced burgeoning growth since the mid-1960s. Despite great diversity and apparent confusion in the field, there is an identifiable paradigm whitch unies theorists of otherwise highly divergent perspectives. The Soviet paradigm in administrative science “modernizes” the traditional categories of political economy into systems or cybernetic terminology and focuses on the rational aspects of organizational activity. It conspicuously avoids concepts that could undermine the imagery of “optimal” performance, or at least the potential to reach that state of affairs. While the general paradigm itself is unlikely to break down, there are prospect for change within various subcategories."	https://openalex.org/I4210142217		closed	1980	https://openalex.org/W1966306021 | https://openalex.org/W2059099262 | https://openalex.org/W2884422354 | https://openalex.org/W2495187262 | https://openalex.org/W1964430761 | https://openalex.org/W585594674 | https://openalex.org/W2132933752 | https://openalex.org/W2325927902 | https://openalex.org/W570161751 | https://openalex.org/W566671180 | https://openalex.org/W2023158405 | https://openalex.org/W2753533763 | https://openalex.org/W3003490010 | https://openalex.org/W2797602727 | https://openalex.org/W2322608175 | https://openalex.org/W2149136280	FALSE		en	Administration & Society	3	https://openalex.org/A5080232790
PA_PUB_0000039	PAD_openalex.tsv	245-249	article	19	https://doi.org/10.1002/j.1099-162x.1980.tb01077.x	4	https://openalex.org/W3156428829		Hari Mohan Mathur (Hari Mohan Mathur); Author_ID: https://openalex.org/A5070815267; ORCID: None; Position: first; Countries: N/A; Institutions: N/A; Affiliations: N/A	FALSE	"Administrative Training and Rural Development: Recent Experience in Rajasthan, India"				closed	1980		FALSE		en	Public Administration and Development	1	https://openalex.org/A5070815267
PA_PUB_0000040	IJPM_openalex.tsv	263-296	article	2	https://doi.org/10.1080/01900698008524383	3	https://openalex.org/W1973581536		"Ronald L. Krannich (Ronald L. Krannich); Author_ID: https://openalex.org/A5081493427; ORCID: None; Position: first; Countries: US; Institutions: Old Dominion University ### ID: https://openalex.org/I81365321 ### ROR: https://ror.org/04zjtrb98 ### Type: education; Affiliations: Department of Political Science , Old Dominion University , Norfolk, Virginia, 23508"	FALSE	Administrative reform and role responses in thailand	"This article examines the effects of administrative reforms on the attitudes and behavior of key municipal government officials in Thailand. Central Thai officials frequently have attempted to reform municipal government in the image of American council-manager government. However, the repeated failure of such legislative reform proposals has led to alternative strategies for improving the overall performance of municipal government. Changes in recruitment, training, and promotion practices have aimed at improving the quality of administrative personnel. The article analyses the problem of municipal reform and finds that the administrative changes have not resulted in expected changes in individual behavior and municipal performance. Although the reform strategies have produced major changes in the characteristics of key municipal personnel, the attitudes and behavior of these officials appear to be consistent with those of other officials in similar role environments."	https://openalex.org/I81365321		closed	1980	https://openalex.org/W4237601423 | https://openalex.org/W2144510344 | https://openalex.org/W2057793078 | https://openalex.org/W2056475699 | https://openalex.org/W2322894524 | https://openalex.org/W2143416568 | https://openalex.org/W2315335624 | https://openalex.org/W569299507 | https://openalex.org/W437589824 | https://openalex.org/W2157879990 | https://openalex.org/W1972922514 | https://openalex.org/W1997529044 | https://openalex.org/W2322132819 | https://openalex.org/W1548201873 | https://openalex.org/W2965259605	FALSE		en	International Journal of Public Administration	2	https://openalex.org/A5081493427
PA_PUB_0000041	POLICYSCI_openalex.tsv	263-284	article	11	https://doi.org/10.1007/bf00136000	3	https://openalex.org/W2038802948		"William D. Bajusz (William D. Bajusz); Author_ID: https://openalex.org/A5076156984; ORCID: None; Position: first; Countries: N/A; Institutions: N/A; Affiliations: U.S. Arms Control and Disarmament Agency, Washington, D.C., USA"	FALSE	Advanced technology and public policy: Multinational weapons acquisition				closed	1980	https://openalex.org/W2119760138 | https://openalex.org/W591733553 | https://openalex.org/W2007956701 | https://openalex.org/W2312504060 | https://openalex.org/W6747925031 | https://openalex.org/W4255481239 | https://openalex.org/W658486359 | https://openalex.org/W1977979713 | https://openalex.org/W2051533862 | https://openalex.org/W2965499018 | https://openalex.org/W2042409582 | https://openalex.org/W2606447964 | https://openalex.org/W2136855378 | https://openalex.org/W642767107 | https://openalex.org/W2105692879 | https://openalex.org/W2149591569 | https://openalex.org/W2312454732 | https://openalex.org/W2786018478 | https://openalex.org/W2797603881	FALSE		en	Policy Sciences	4	https://openalex.org/A5076156984
PA_PUB_0000042	PAD_openalex.tsv	88-99	article	19	https://doi.org/10.1002/j.1099-162x.1980.tb01058.x	2	https://openalex.org/W618612572		Gatian F. Lungu (Gatian F Lungu); Author_ID: https://openalex.org/A5027068108; ORCID: None; Position: first; Countries: N/A; Institutions: N/A; Affiliations: N/A	FALSE	Africanization and the Merit Principle in the Zambian Public Service				closed	1980		FALSE		en	Public Administration and Development	6	https://openalex.org/A5027068108
PA_PUB_0000043	CANPUB_openalex.tsv	591-591	article	6	https://doi.org/10.2307/3549758	4	https://openalex.org/W2014172696		Carol E. Bray (C. E. Bray); Author_ID: https://openalex.org/A5086750250; ORCID: None; Position: first; Countries: N/A; Institutions: N/A; Affiliations: N/A	FALSE	Agricultural Land Regulation in Several Canadian Provinces				closed	1980	https://openalex.org/W2396412321 | https://openalex.org/W1011513128 | https://openalex.org/W2978515868	FALSE		en	Canadian Public Policy	12	https://openalex.org/A5086750250
PA_PUB_0000044	LGS_openalex.tsv	47-58	article	6	https://doi.org/10.1080/03003938008432894	5	https://openalex.org/W2109015375		"Hugh Screen (Hugh Screen); Author_ID: https://openalex.org/A5055841937; ORCID: None; Position: first; Countries: GB; Institutions: Local Government Association ### ID: https://openalex.org/I173953196 ### ROR: https://ror.org/02sgk6k14 ### Type: other; Affiliations: Deputy Director, Local Authorities Management Services and Computer Committee ,"	FALSE	Aids to determining staffing levels		https://openalex.org/I173953196		closed	1980		FALSE		en	Local Government Studies	0	https://openalex.org/A5055841937
PA_PUB_0000045	PAR_openalex.tsv	189-189	article	40	https://doi.org/10.2307/975631	2	https://openalex.org/W2334537537		Lynton K. Caldwell (Lynton K. Caldwell); Author_ID: https://openalex.org/A5112092410; ORCID: None; Position: first; Countries: N/A; Institutions: N/A; Affiliations: N/A | Richard J. Tobin (Richard J. Tobin); Author_ID: https://openalex.org/A5081646674; ORCID: None; Position: middle; Countries: N/A; Institutions: N/A; Affiliations: N/A | Charles T. Stewart (Charles T. Stewart); Author_ID: https://openalex.org/A5019584578; ORCID: None; Position: middle; Countries: N/A; Institutions: N/A; Affiliations: N/A | Lennart J. Lundqvist (Lennart J. Lundqvist); Author_ID: https://openalex.org/A5103551208; ORCID: None; Position: middle; Countries: N/A; Institutions: N/A; Affiliations: N/A | Ralph Gakenheimer (Ralph Gakenheimer); Author_ID: https://openalex.org/A5087964740; ORCID: None; Position: last; Countries: N/A; Institutions: N/A; Affiliations: N/A	FALSE	Air Quality Control: Politics of the Best Available Solution				closed	1980		FALSE		en	Public Administration Review	0	
PA_PUB_0000046	PAD_openalex.tsv	73-87	article	19	https://doi.org/10.1002/j.1099-162x.1980.tb01057.x	2	https://openalex.org/W3155750944		Roy T. Gilbert (Roy T Gilbert); Author_ID: https://openalex.org/A5037595672; ORCID: None; Position: first; Countries: N/A; Institutions: N/A; Affiliations: N/A	FALSE	An Evaluation of British Housing Aid provided by The Ministry of Overseas Development				closed	1980		FALSE		en	Public Administration and Development	0	https://openalex.org/A5037595672
PA_PUB_0000047	POLANDPOL_openalex.tsv	39-54	article	8	https://doi.org/10.1332/030557380782719285	1	https://openalex.org/W2019376137		Jonathan Bradshaw (Jonathan Bradshaw); Author_ID: https://openalex.org/A5108438327; ORCID: None; Position: first; Countries: N/A; Institutions: N/A; Affiliations: N/A | Dorothy Lawton (Dorothy Lawton); Author_ID: https://openalex.org/A5087117559; ORCID: None; Position: last; Countries: N/A; Institutions: N/A; Affiliations: N/A	FALSE	An Examination of Equity in the Administration of the Attendance Allowance	Data on families with very severely handicapped children are subjected to multivariate analysis in an attempt to examine whether decisions on claims for the attendance allowance are made equitably. The disability and handicap of the child as well as some socio-demographic characteristics of the families are considered. Reservations are made about the measures and techniques used in the analysis but some inconsistencies in decision making are noted.			closed	1980		FALSE		en	Policy & Politics	6	
PA_PUB_0000048	PUBPERS_openalex.tsv	336-343	article	9	https://doi.org/10.1177/009102608000900417	4	https://openalex.org/W2414300150		Laird W. Mealiea (Laird W. Mealiea); Author_ID: https://openalex.org/A5012735355; ORCID: None; Position: first; Countries: CA; Institutions: Dalhousie University ### ID: https://openalex.org/I129902397 ### ROR: https://ror.org/01e6qks80 ### Type: education; Affiliations: Dalhousie University | John Duffy (John F. Duffy); Author_ID: https://openalex.org/A5071614362; ORCID: https://orcid.org/0000-0002-7660-2281; Position: last; Countries: CA; Institutions: Dalhousie University ### ID: https://openalex.org/I129902397 ### ROR: https://ror.org/01e6qks80 ### Type: education; Affiliations: Dalhousie University	FALSE	An Integrated Model for Training and Development: How to Build on What You Already Have				closed	1980	https://openalex.org/W238614530 | https://openalex.org/W1968466596 | https://openalex.org/W66494385 | https://openalex.org/W316535158 | https://openalex.org/W4388671105	FALSE		en	Public Personnel Management	5	
PA_PUB_0000049	LGS_openalex.tsv	37-45	article	6	https://doi.org/10.1080/03003938008432893	5	https://openalex.org/W2160923186		"John Hill (John Hill); Author_ID: https://openalex.org/A5112823705; ORCID: None; Position: first; Countries: GB; Institutions: Liverpool City Council ### ID: https://openalex.org/I2801928633 ### ROR: https://ror.org/05ym5dp96 ### Type: government; Affiliations: City Treasurer of Liverpool ,"	FALSE	An approach to effectiveness and efficiency		https://openalex.org/I2801928633		closed	1980		FALSE		en	Local Government Studies	3	https://openalex.org/A5112823705
PA_PUB_0000050	POLICYSCI_openalex.tsv	41-60	article	12	https://doi.org/10.1007/bf00137362	1	https://openalex.org/W2040594945		"Brian Stipak (Brian Stipak); Author_ID: https://openalex.org/A5079066579; ORCID: None; Position: first; Countries: US; Institutions: Pennsylvania State University ### ID: https://openalex.org/I130769515 ### ROR: https://ror.org/04p491231 ### Type: education; Affiliations: Institute of Public Administration, Pennsylvania State University, University Park, U.S.A."	FALSE	Analysis of policy issues concerning social integration		https://openalex.org/I130769515		closed	1980	https://openalex.org/W2064369384 | https://openalex.org/W2054172565 | https://openalex.org/W2122427969 | https://openalex.org/W645759794 | https://openalex.org/W1984913191 | https://openalex.org/W2049274295 | https://openalex.org/W2093592345 | https://openalex.org/W2021997829 | https://openalex.org/W2171020017 | https://openalex.org/W4238583221 | https://openalex.org/W1978926717 | https://openalex.org/W4237449612 | https://openalex.org/W4234694884 | https://openalex.org/W4230444949 | https://openalex.org/W2052156595 | https://openalex.org/W1564035295 | https://openalex.org/W2147138207	FALSE		en	Policy Sciences	7	https://openalex.org/A5079066579
PA_PUB_0000051	CANPUB_openalex.tsv	101-101	article	6	https://doi.org/10.2307/3550072	1	https://openalex.org/W1970211172		Tom Siedule (Tom Siedule); Author_ID: https://openalex.org/A5014855785; ORCID: None; Position: first; Countries: N/A; Institutions: N/A; Affiliations: N/A | Keith Newton (Keith Newton); Author_ID: https://openalex.org/A5113450205; ORCID: None; Position: last; Countries: N/A; Institutions: N/A; Affiliations: N/A	FALSE	Another Labour Market Indicator: Some Estimates and Implications of Labour Hoarding in Canada				closed	1980	https://openalex.org/W2076086903 | https://openalex.org/W2012288253	FALSE		en	Canadian Public Policy	3	
PA_PUB_0000052	PAR_openalex.tsv	293-293	article	40	https://doi.org/10.2307/975385	3	https://openalex.org/W2328515449		Gerald Feck (Gerald Feck); Author_ID: https://openalex.org/A5062067861; ORCID: None; Position: first; Countries: N/A; Institutions: N/A; Affiliations: N/A	FALSE	Another Perspective on Professionals Doing What They Do Best				closed	1980		FALSE		en	Public Administration Review	0	https://openalex.org/A5062067861
PA_PUB_0000053	PAD_openalex.tsv	112-116	article	19	https://doi.org/10.1002/j.1099-162x.1980.tb01060.x	2	https://openalex.org/W3152892972		Phil James (P A James); Author_ID: https://openalex.org/A5084668407; ORCID: None; Position: first; Countries: N/A; Institutions: N/A; Affiliations: N/A | G. Sreenivas Reddy (G Sreenivas Reddy); Author_ID: https://openalex.org/A5032320664; ORCID: None; Position: last; Countries: N/A; Institutions: N/A; Affiliations: N/A	FALSE	Anti‐Untouchability Legislation in India				closed	1980		FALSE		en	Public Administration and Development	0	
PA_PUB_0000054	PAR_openalex.tsv	247-247	article	40	https://doi.org/10.2307/975378	3	https://openalex.org/W2318233170		Dan S. Felsenthal (Dan S. Felsenthal); Author_ID: https://openalex.org/A5042816421; ORCID: https://orcid.org/0000-0002-7713-7246; Position: first; Countries: N/A; Institutions: N/A; Affiliations: N/A	FALSE	Applying the Redundancy Concept to Administrative Organizations	"A decade has now passed since Martin Landau' first alerted administrative scientists to the benefits of redundancy and overlap in administrative organizations. Although the need to maintain redundancies in administrative systems is clear in principle, it is not at all clear how one can design optimal redundant administrative systems in practice. The common reason for introducing redundancies into any system, administrative or inanimate, is to minimize the probability of the system's failure, i.e., its operation outside specified tolerances. It is clear that if redundancies are not introduced, then the more complex a system becomes, the higher the probability that some serious failure shall occur. Indeed, the norms of organizational design do prescribe that increased organizational complexity be counterbalanced by increased organizational redundancies. However, in attempting to apply such a norm a practical optimization problem arises. On the one hand, the tendency to create ever more multi-faceted and, hence, complex organizations, may leave too few resources for maintaining the required redundant capacity. On the other hand, the difficulty in developing measurable tradeoffs between complexity (or riskiness) and redundant capacity may create a situation whereby organizations become complex precisely because they maintain too many redundant features. In contrast to the systematic study of redundancy in communication and machine systems in which the concept of redundancy was first successfully applied, the design and evaluation of organizational redundancy is not a simple matter. As we have stated elsewhere,2 there is a basic difference between redundancy in inanimate systems and redundancy in human systems. Redundant machine components, for example, can be made identical and can be subjected to controlled experiments, hence having a predictable level of reliability. However, redundant elements in organizational systems composed of people can never be made identical and can hardly be subjected to properly controlled experiments, making their reliability hard to estimate and, hence, hard to improve. As a consequence of this difference, redundant machine components are mainly designed in order to provide backup or reserve capacity;"			closed	1980	https://openalex.org/W2014480488 | https://openalex.org/W2327000313 | https://openalex.org/W2322063221	FALSE		en	Public Administration Review	18	https://openalex.org/A5042816421
PA_PUB_0000055	POLANDPOL_openalex.tsv	55-71	article	8	https://doi.org/10.1332/030557380782719294	1	https://openalex.org/W2085325458		Chris Ham (Chris Ham); Author_ID: https://openalex.org/A5108511530; ORCID: None; Position: first; Countries: N/A; Institutions: N/A; Affiliations: N/A	FALSE	Approaches to the Study of Social Policy Making	"The aim of this paper is to suggest possible future approaches to the study of social policy making. The paper’s main argument is that students of social policy who are interested in policy making could usefully draw on concepts and theories from the developing field of policy analysis. Social policy and policy analysis have so far developed separately as fields of study, yet they share some common concerns. In particular, both are concerned with the processes of policy making and policy implementation, and it is on this common ground that students of social policy may gain insights from policy analysis. The paper is divided into three parts. In the first part a typology of traditions in the study of social policy is put forward. This is followed by a review of approaches to the study of social policy making, which examines critically the work of a number of writers who have contributed to this area of work. Then, in the third part of the paper, some suggestions are made for the closer linking of policy analysis and social policy."			closed	1980		FALSE		en	Policy & Politics	4	https://openalex.org/A5108511530
PA_PUB_0000056	CANPUB_openalex.tsv	670-670	article	6	https://doi.org/10.2307/3549768	4	https://openalex.org/W2054915144		Pran Manga (Pran Manga); Author_ID: https://openalex.org/A5111882432; ORCID: None; Position: first; Countries: N/A; Institutions: N/A; Affiliations: N/A	FALSE	Arbitration and the Medical Profession: A Comment on the Hall Report	"There has been much anguish, anxiety and animosity expressed regarding what is by far the most controversial recommendation of the recently-released report on the problems and prospects of Canada's health care systems by Justice Emmett Hall. Specifically, Hall (1980:28) recommends that 'when negotiations fail and an impasse occurs, the issues in dispute must be sent to binding arbitration, to an arbitration board consisting of three persons, with an independent chairperson to be named by the chiefjustice of the relevant province and one nominee from the profession and one from the government.' It is of crucial importance that there are two preconditions attached to this recommendation. The first is that provinces should exercise their power to 'outlaw extra-billing.' The second is that arbitration board decisions shall be final; that is, the legislation should contain a privative clause denying any right of appeal to both contending parties. This recommendation is clearly intended to resolve the key dilemma resulting from what Hall perceives to be the two dominant problems of the Canadian health care system. The growing practice by physicians to extra-bill was judged by Hall to threaten the survival of Medicare by inexorably leading to a two-class health care system. Based on a special study on the subject of extra-billing for the Hall Review, it was concluded that extra-billing '... must result inevitably in a denial of accessibility to some patients and a violation also of the principle of portability, both so essential to a nation-wide program' (Hall, 1980:32). Extra-billing also raises the issue of consumer risk-bearing relative to a system of universal, first-dollar insurance coverage and transfers health care costs from tax payers to the sick. These adverse effects have also been stressed in other recent studies, most notably by Barer, Evans and Stoddart (1979). They note that extra-billing is not likely to enhance cost control or to reduce utilization levels nor will it promote the technical efficiency with which medical services are produced. The other dominant issue is the conflict between the medical profession and the provincial governments over fee schedules. While the report provides scant supporting evidence that physicians' incomes are unreasonably low or that provincial government negotiators have been unjustifiably difficult or niggardly, one could surmise from Hall's sympathies that he suspects that both are at least partially true. It is evident from the report that Hall regards the increase in the phenomenon of extra-billing as mainly a reflection of physicians' dissatisfaction with recent fee-schedule settlements.1 The dilemma, often repeated in the report, is that physicians"			closed	1980	https://openalex.org/W1985296019 | https://openalex.org/W1770202934	FALSE		en	Canadian Public Policy	3	https://openalex.org/A5111882432
PA_PUB_0000057	PAR_openalex.tsv	309-309	article	40	https://doi.org/10.2307/3110256	4	https://openalex.org/W2315279282		Vincent Ostrom (Vincent Ostrom); Author_ID: https://openalex.org/A5047565418; ORCID: None; Position: first; Countries: N/A; Institutions: N/A; Affiliations: N/A	FALSE	Artisanship and Artifact				closed	1980		FALSE		en	Public Administration Review	193	https://openalex.org/A5047565418
PA_PUB_0000058	IRAS_openalex.tsv	175-178	article	46	https://doi.org/10.1177/002085238004600206	2	https://openalex.org/W2084504477		Guy Thuillier (Guy Thuillier); Author_ID: https://openalex.org/A5060509530; ORCID: None; Position: first; Countries: N/A; Institutions: N/A; Affiliations: Conseiller référendaire à la Cour des comptes | Jean Tulard (Jean Tulard); Author_ID: https://openalex.org/A5074140126; ORCID: None; Position: last; Countries: FR; Institutions: École Pratique des Hautes Études ### ID: https://openalex.org/I159885104 ### ROR: https://ror.org/046b3cj80 ### Type: education; Affiliations: Directeur d'etudes à la IVe section de l'Ecole Pratique des Hautes Etudes (Paris)	FALSE	Aspects de la fonction publique en France au XIXème siècle				closed	1980		FALSE		fr	International Review of Administrative Sciences	0	
PA_PUB_0000059	SCIPUB_openalex.tsv	None-None	article		https://doi.org/10.1093/spp/7.5.327		https://openalex.org/W2944235724		"P. T. G. Gutmann (Peter Gutmann); Author_ID: https://openalex.org/A5108606148; ORCID: None; Position: first; Countries: N/A; Institutions: N/A; Affiliations: National Intelligence Department, National Westminister Bank, UK"	FALSE	Assessing country risk	"Assessing country risk Get access Peter Gutmann Peter Gutmann National Intelligence Department, National Westminister Bank, UK Search for other works by this author on: Oxford Academic Google Scholar Science and Public Policy, Volume 7, Issue 5, October 1980, Pages 327–336, https://doi.org/10.1093/spp/7.5.327 Published: 01 October 1980"			closed	1980		FALSE		en	Science and Public Policy	13	https://openalex.org/A5108606148
PA_PUB_0000060	SCIPUB_openalex.tsv	None-None	article		https://doi.org/10.1093/spp/7.5.365		https://openalex.org/W2765253613		"Steven Thomas Russell (S Russell); Author_ID: https://openalex.org/A5107991676; ORCID: https://orcid.org/0000-0002-5491-900X; Position: first; Countries: GB; Institutions: Aston University ### ID: https://openalex.org/I169199633 ### ROR: https://ror.org/05j0ve876 ### Type: education; Affiliations: Technology Policy Unit, University at Aston in Birmingham, UK | R Ferguson (R A D Ferguson); Author_ID: https://openalex.org/A5103009060; ORCID: https://orcid.org/0000-0003-4694-2266; Position: last; Countries: GB; Institutions: Newcastle University ### ID: https://openalex.org/I84884186 ### ROR: https://ror.org/01kj2bm70 ### Type: education; Affiliations: Department of Mechanical Engineering, University of Newcastle upon Tyne, UK"	FALSE	Assessing the health costs of fuel systems	"Assessing the health costs of fuel systems Get access S Russell, S Russell Technology Policy Unit, University at Aston in Birmingham, UK Search for other works by this author on: Oxford Academic Google Scholar R A D Ferguson R A D Ferguson Department of Mechanical Engineering, University of Newcastle upon Tyne, UK Search for other works by this author on: Oxford Academic Google Scholar Science and Public Policy, Volume 7, Issue 5, October 1980, Pages 365–376, https://doi.org/10.1093/spp/7.5.365 Published: 01 October 1980"			closed	1980		FALSE		en	Science and Public Policy	4	
PA_PUB_0000061	SCIPUB_openalex.tsv	145-152	article	7	https://doi.org/10.1093/spp/7.2.145	2	https://openalex.org/W4232154918		"Atkins Research and Development, UK (Atkins Research and Development, UK); Author_ID: None; ORCID: None; Position: first; Countries: N/A; Institutions: N/A; Affiliations: N/A"	FALSE	Assessment of industrial environmental impact	"Journal Article Assessment of industrial environmental impact Get access Atkins Research and Development, UK Atkins Research and Development, UK Search for other works by this author on: Oxford Academic Google Scholar Science and Public Policy, Volume 7, Issue 2, April 1980, Pages 145–152, https://doi.org/10.1093/spp/7.2.145 Published: 01 April 1980"			closed	1980		FALSE		en	Science and Public Policy	2	
PA_PUB_0000062	LGS_openalex.tsv	57-68	article	6	https://doi.org/10.1080/03003938008432905	6	https://openalex.org/W2071025516		"Patricia Broadfoot (Patricia Broadfoot); Author_ID: https://openalex.org/A5007301015; ORCID: None; Position: first; Countries: US; Institutions: Hill College ### ID: https://openalex.org/I2802994108 ### ROR: https://ror.org/045yjdg59 ### Type: education; Affiliations: Westhill College of Higher Education , Birmingham"	FALSE	"Assessment, curriculum and control in the changing pattern of centre‐local relations"	"(1980). Assessment, curriculum and control in the changing pattern of centre‐local relations. Local Government Studies: Vol. 6, Partners and Power in Education, pp. 57-68."	https://openalex.org/I2802994108		closed	1980	https://openalex.org/W6610226505 | https://openalex.org/W2005786565 | https://openalex.org/W349925998 | https://openalex.org/W278593159 | https://openalex.org/W1486062867	FALSE		en	Local Government Studies	0	https://openalex.org/A5007301015
PA_PUB_0000063	IJPM_openalex.tsv	411-433	article	2	https://doi.org/10.1080/01900698008524388	4	https://openalex.org/W2034651210		"James J. Glass (James J. Glass); Author_ID: https://openalex.org/A5040078068; ORCID: None; Position: first; Countries: US; Institutions: Texas State University ### ID: https://openalex.org/I13511017 ### ROR: https://ror.org/05h9q1g27 ### Type: education || University of North Texas ### ID: https://openalex.org/I123534392 ### ROR: https://ror.org/00v97ad02 ### Type: education; Affiliations: Department of Political Science , North Texas State University , Denton, Texas, 76203 | Charldean Newell (Charldean Newell); Author_ID: https://openalex.org/A5075987346; ORCID: None; Position: last; Countries: US; Institutions: Texas State University ### ID: https://openalex.org/I13511017 ### ROR: https://ror.org/05h9q1g27 ### Type: education || University of North Texas ### ID: https://openalex.org/I123534392 ### ROR: https://ror.org/00v97ad02 ### Type: education; Affiliations: Department of Political Science , North Texas State University , Denton, Texas, 76203"	FALSE	Attaining participatory objectives: Citizen information and training needs	"Abstract In this article the authors examine three interrelated elements of citizen participation: participatory objectives, participation techniques, and citizen information and training needs. Four objectives of citizen participation are identified, and techniques are then categorized according to their most appropriate objective. Each objective and its associate techniques are examined in terms of participant training and information needs. The intent is to illustrate the relationship between participatory objectives and techniques and that training and information relevant to the techniques selected is necessary."			closed	1980	https://openalex.org/W2008251417 | https://openalex.org/W2161727319 | https://openalex.org/W2584089912 | https://openalex.org/W2025832786 | https://openalex.org/W2313439621 | https://openalex.org/W2313948748 | https://openalex.org/W2987320177 | https://openalex.org/W2325670647 | https://openalex.org/W4302209321	FALSE		en	International Journal of Public Administration	0	
PA_PUB_0000064	PUBPERS_openalex.tsv	31-35	article	9	https://doi.org/10.1177/009102608000900106	1	https://openalex.org/W2739454661		Leland G. Verheyen (Leland G. Verheyen); Author_ID: https://openalex.org/A5052196348; ORCID: None; Position: first; Countries: N/A; Institutions: N/A; Affiliations: N/A | Louis Olivas (Louis Olivas); Author_ID: https://openalex.org/A5068751562; ORCID: None; Position: last; Countries: N/A; Institutions: N/A; Affiliations: N/A	FALSE	Attitude Survey Supports Training Needs				closed	1980		FALSE		en	Public Personnel Management	2	
PA_PUB_0000065	PAR_openalex.tsv	259-259	article	40	https://doi.org/10.2307/975380	3	https://openalex.org/W2327775306		Richard E. Brown (Richard E. Brown); Author_ID: https://openalex.org/A5042673550; ORCID: https://orcid.org/0000-0002-4219-7214; Position: first; Countries: N/A; Institutions: N/A; Affiliations: N/A | R Craft (Ralph Craft); Author_ID: https://openalex.org/A5112402876; ORCID: None; Position: last; Countries: N/A; Institutions: N/A; Affiliations: N/A	FALSE	Auditing and Public Administration: The Unrealized Partnership				closed	1980		FALSE		en	Public Administration Review	13	
PA_PUB_0000066	POLSTUJOU_openalex.tsv	906-912	article	8	https://doi.org/10.1111/j.1541-0072.1980.tb01182.x	6	https://openalex.org/W1997681668		E. Terrence Jones (E. Terrence Jones); Author_ID: https://openalex.org/A5109037739; ORCID: https://orcid.org/0009-0002-8747-1624; Position: first; Countries: US; Institutions: University of Missouri–St. Louis ### ID: https://openalex.org/I208333798 ### ROR: https://ror.org/037cnag11 ### Type: education; Affiliations: University of Missouri–St. Louis#TAB#	FALSE	BLOCK GRANTS AND URBAN POLICIES: IMPLETATION AND IMPACT	"ABSTRACT In the 1970's, the federal government has made greater use of block grants to encourage subnational units to pursue national goals. Using two jurisdictions—St. Louis City and St. Louis County—and two block grant programs—Community Development and Comprehensive Employment and Training—as case studies, this essay describes how differences in local polities affects policy implementation and policy impact. The tentative conclusion is that maintaining local autonomy and achieving national goals are far from mutually compatible."	https://openalex.org/I208333798		closed	1980	https://openalex.org/W4241008725 | https://openalex.org/W2321538967 | https://openalex.org/W2317174730 | https://openalex.org/W2006021834 | https://openalex.org/W2330894639 | https://openalex.org/W1988522004 | https://openalex.org/W2035723681	FALSE		en	Policy Studies Journal	8	https://openalex.org/A5109037739
PA_PUB_0000067	CANPUB_openalex.tsv	417-417	article	6	https://doi.org/10.2307/3550024	2	https://openalex.org/W2314917566		Lionel D. Feldman (Lionel D. Feldman); Author_ID: https://openalex.org/A5089144744; ORCID: None; Position: first; Countries: N/A; Institutions: N/A; Affiliations: N/A | Katherine A. Graham (Katherine A. Graham); Author_ID: https://openalex.org/A5103221857; ORCID: https://orcid.org/0000-0003-2388-944X; Position: last; Countries: N/A; Institutions: N/A; Affiliations: N/A	FALSE	Bargaining for Cities. Municipalities and Intergovernmental Relations: An Assessment				closed	1980		FALSE		en	Canadian Public Policy	13	
PA_PUB_0000068	POLANDPOL_openalex.tsv	443-456	article	8	https://doi.org/10.1332/030557380782638889	4	https://openalex.org/W2044176728		Yael Azmon (Yael Azmon); Author_ID: https://openalex.org/A5049520794; ORCID: None; Position: first; Countries: N/A; Institutions: N/A; Affiliations: N/A	FALSE	Bargaining in Physical Planning in Israel: A comparison with the British Experience	"The latest research in the field of physical planning in England indicates that there is an impressive rise in bargaining between the planning authorities and applicants for building permits. The physical planning system in England has undergone another process of change in the last decade: a growing flexibility manifested in the change from ‘development plans’, which are binding plans, to ‘structure plans’ that present only general principles of planning to be taken into consideration by planning authorities when granting building permits. Thus the following question presents itself: Are the two processes of change in the area of physical planning related to each other? Is the rising amount of bargaining with planning authorities due to the growing flexibility in the physical planning system; or is the rising bargaining in the area of physical planning, as J. Jowell suggests, due mainly to a more general phenomenon of increasing corporatism in English politics; or to both of them? To put it in more general terms: Is the increase in bargaining within the functioning of the physical planning system related to factors internal to the physical planning system or external to it?"			closed	1980		FALSE		en	Policy & Politics	1	https://openalex.org/A5049520794
PA_PUB_0000069	PAR_openalex.tsv	302-302	article	40	https://doi.org/10.2307/975395	3	https://openalex.org/W2331073547		Joel L. Nitzkin (Joel L. Nitzkin); Author_ID: https://openalex.org/A5007966312; ORCID: None; Position: first; Countries: N/A; Institutions: N/A; Affiliations: N/A	FALSE	Barriers to Integration				closed	1980		FALSE		en	Public Administration Review	0	https://openalex.org/A5007966312
PA_PUB_0000070	CANPUB_openalex.tsv	389-389	article	6	https://doi.org/10.2307/3550007	2	https://openalex.org/W2041388889		Michael Sumner (M. T. Sumner); Author_ID: https://openalex.org/A5087673842; ORCID: None; Position: first; Countries: N/A; Institutions: N/A; Affiliations: N/A	FALSE	Benefit-Cost Analysis in Canadian Practice	"The revised and extended Benefit-Cost Analysis Guide (Treasury Board, 1976) provides an excellent introduction to the conceptual basis of B-C, its translation into practice and the more common errors to be avoided. More importantly, it represents an authoritative view on some of the most contentions questions debated in the literature. The purpose of this note is to argue that the Guide's treatment of one such question, the calculation and use of the social discount rate, is incorrect: the recommended rate is too high, and yet if used in the way suggested it would do nothing to prevent excessive transfer of resources to the public sector through one particular channel."			closed	1980	https://openalex.org/W1969038315 | https://openalex.org/W1989591995 | https://openalex.org/W1548234284 | https://openalex.org/W2046104782 | https://openalex.org/W2056050668	FALSE		en	Canadian Public Policy	9	https://openalex.org/A5087673842
PA_PUB_0000071	PAR_openalex.tsv	317-317	article	40	https://doi.org/10.2307/3110257	4	https://openalex.org/W2323107224		Randy H. Hamilton (Randy H. Hamilton); Author_ID: https://openalex.org/A5010086910; ORCID: None; Position: first; Countries: N/A; Institutions: N/A; Affiliations: N/A | Bernard Shaw (Bernard Shaw); Author_ID: https://openalex.org/A5110826552; ORCID: None; Position: last; Countries: N/A; Institutions: N/A; Affiliations: N/A	FALSE	Bernard Shaw's Reflections on Being a City Councilman	"5. Alexis de Tocqueville, Democracy in America, edited by Phillip Bradley (New York: Alfred A. Knopf, 1966). See especially the Fourth Book of Volume II. There Tocqueville states the general conclusions to his two-volume study. 6. Hobbes, op. cit., p. 109. 7. Ibid., p. 68. 8. Ibid., p. 232. 9. Idem. 10. Ibid., p. 239. 11. Ibid., pp. 240-241. 12. Garrett Hardin, Tragedy of the Commons, 162 Science (December 1968), pp. 1243-1248. 13. Mancur Olson, The Logic of Collective Action (Cambridge, Mass.: Harvard University Press, 1965). 14. Gordon Tullock, The Politics of Bureaucracy (Washington, D.C.: Public Affairs Press, 1965)."			closed	1980	https://openalex.org/W2009340036	FALSE		en	Public Administration Review	1	
PA_PUB_0000072	PAR_openalex.tsv	47-47	article	40	https://doi.org/10.2307/976108	1	https://openalex.org/W2316789344		Paul Terrell (Paul Terrell); Author_ID: https://openalex.org/A5031321066; ORCID: None; Position: first; Countries: N/A; Institutions: N/A; Affiliations: N/A	FALSE	Beyond the Categories: Human Service Managers View the New Federal Aid	"Social agency chief executives in six program areas--welfare, health, mental health, community action, model cities, and community mental health centers--were surveyed to determine their reaction to the recent revenue sharing/block grant efforts to decentralize the federal aid system. Despite their strong belief that social initiatives and values were advanced principally by federal action, and that excessive reliance on state and local officials could severely jeopardize social programs with weak constituencies, agency executives also recognized major weaknesses in traditional categorical grant policy and, to varying degrees, supported revenue sharing and block grant alternatives. Those agencies largely dependent on federal support for their survival--model cities, community action programs, and community mental health centers--tended to support the new aid efforts only reluctantly. Those agencies more fully integrated into the regular policy-making arrangements of local government--health, welfare, and mental health agencies--were considerably more positive in their endorsement of greater decentralization."			closed	1980	https://openalex.org/W2769503686	FALSE		en	Public Administration Review	2	https://openalex.org/A5031321066
PA_PUB_0000073	PUBPERS_openalex.tsv	296-301	article	9	https://doi.org/10.1177/009102608000900412	4	https://openalex.org/W2739100905		James McCollum (James K. McCollum); Author_ID: https://openalex.org/A5109073568; ORCID: None; Position: first; Countries: US; Institutions: Auburn University ### ID: https://openalex.org/I82497590 ### ROR: https://ror.org/02v80fc35 ### Type: education; Affiliations: Auburn University	FALSE	Bilateral Interaction v. Unilateral Fulfillment		https://openalex.org/I82497590		closed	1980		FALSE		en	Public Personnel Management	0	https://openalex.org/A5109073568
PA_PUB_0000074	CANPUB_openalex.tsv	47-47	article	6	https://doi.org/10.2307/3550068	1	https://openalex.org/W2026363947		Erve Chambers (E. J. Chambers); Author_ID: https://openalex.org/A5048604266; ORCID: None; Position: first; Countries: N/A; Institutions: N/A; Affiliations: N/A | Matthew Dunn (M. James Dunn); Author_ID: https://openalex.org/A5050764640; ORCID: https://orcid.org/0000-0003-4615-5078; Position: middle; Countries: N/A; Institutions: N/A; Affiliations: N/A | David Gillen (David W. Gillen); Author_ID: https://openalex.org/A5074539871; ORCID: https://orcid.org/0000-0001-7047-2669; Position: middle; Countries: N/A; Institutions: N/A; Affiliations: N/A | David Gordon Tyndall (D. Gordon Tyndall); Author_ID: https://openalex.org/A5080599640; ORCID: None; Position: last; Countries: N/A; Institutions: N/A; Affiliations: N/A	FALSE	Bill C-20: An Evaluation from the Perspective of Current Transportation Policy and Regulatory Performance	"Initially this paper offers historical perspective on the principles of transportation policy contained in the 1967 National Transportation Act. There follows an evaluation of the structure, conduct and performance of the Canadian Transport Commission in carrying out dual policy advisory and regulatory roles. Certain deficiencies are identified in the NTA itself and in CTC conduct and performance. The latter part of the paper (i) considers the extent to which Bill C-20 is likely to remedy these deficiencies, and (ii) offers a proposal for restructuring the CTC to address regional as well as modal realities, and to better accommodate policy advisory and regulatory roles within a single agency."			closed	1980	https://openalex.org/W580202284 | https://openalex.org/W2024650514 | https://openalex.org/W110408665 | https://openalex.org/W366008820 | https://openalex.org/W2095494431	FALSE		en	Canadian Public Policy	0	
PA_PUB_0000075	PAR_openalex.tsv	01-Jan	article	40	https://doi.org/10.2307/976100	1	https://openalex.org/W2329715642		Lynton K. Caldwell (Lynton K. Caldwell); Author_ID: https://openalex.org/A5112092410; ORCID: None; Position: first; Countries: N/A; Institutions: N/A; Affiliations: N/A	FALSE	Biology and Bureaucracy: The Coming Confrontation				closed	1980		FALSE		en	Public Administration Review	20	https://openalex.org/A5112092410
PA_PUB_0000076	POLSTU_openalex.tsv	72-79	article	1	https://doi.org/10.1080/01442878008423305	2	https://openalex.org/W2091597716		"Roger Morgan (Roger Morgan); Author_ID: https://openalex.org/A5100918056; ORCID: None; Position: first; Countries: BE; Institutions: Centre for European Policy Studies ### ID: https://openalex.org/I4210086988 ### ROR: https://ror.org/000a2sx58 ### Type: nonprofit; Affiliations: Head of the European Centre for Political Studies , PSI"	FALSE	Britain's role in the European community		https://openalex.org/I4210086988		closed	1980	https://openalex.org/W2027292395 | https://openalex.org/W603497851	FALSE		en	Policy Studies	0	https://openalex.org/A5100918056
PA_PUB_0000077	PUBADM_openalex.tsv	13-24	article	58	https://doi.org/10.1111/j.1467-9299.1980.tb00386.x	1	https://openalex.org/W1967823258		Maurice R. Garner (M. R. GARNER); Author_ID: https://openalex.org/A5111640997; ORCID: None; Position: first; Countries: N/A; Institutions: N/A; Affiliations: Mr. Garner was formerly an Under‐Secretary in the Department of Trade and Industry.	FALSE	British Airways and British Aerospace: Limbo for Two Enterprises				closed	1980		FALSE		en	Public Administration	1	https://openalex.org/A5111640997
PA_PUB_0000078	JSOCPOL_openalex.tsv	289-312	article	9	https://doi.org/10.1017/s0047279400001355	3	https://openalex.org/W2151481997		Alan Maynard (Alan Maynard); Author_ID: https://openalex.org/A5110156703; ORCID: None; Position: first; Countries: N/A; Institutions: N/A; Affiliations: N/A | Anne Ludbrook (Anne Ludbrook); Author_ID: https://openalex.org/A5056186420; ORCID: https://orcid.org/0000-0003-2558-7728; Position: last; Countries: N/A; Institutions: N/A; Affiliations: N/A	FALSE	Budget Allocation in the National Health Service	"ABSTRACT The objective of this article is to analyse the way in which budget allocation decisions have been made in the National Health Service (NHS) of Britain. Despite the criticisms of the pre-1948 health care system on the grounds of geographical inequity, it was not until nearly twenty-five years after the service's inception that explicit allocation formulae were devised and implemented in an attempt to achieve equity, defined as equal financial resources for health care for those in equal need. The article is divided into four sections; the first analyses briefly the establishment of the NHS in 1948 and the failure of policy-makers to rectify the significant inequalities in the distribution of health care inputs between the regions. The second section is concerned with the official recognition of the policy problem of geographical inequality in resources and the first attempt to rectify it. In the third section the most recent set of resource allocation formulae for England, Scotland and Wales will be analysed and compared. The final section offers some brief conclusions."			closed	1980	https://openalex.org/W1995491970 | https://openalex.org/W1973080973 | https://openalex.org/W2153108409 | https://openalex.org/W4240792744 | https://openalex.org/W1988107846 | https://openalex.org/W1987144596 | https://openalex.org/W2107999364 | https://openalex.org/W2171426633 | https://openalex.org/W6680211894 | https://openalex.org/W4242997351 | https://openalex.org/W2069451681 | https://openalex.org/W2039328146 | https://openalex.org/W2085317242 | https://openalex.org/W1974806732 | https://openalex.org/W2031053175 | https://openalex.org/W2061360142 | https://openalex.org/W2122390586 | https://openalex.org/W6677667460 | https://openalex.org/W2462822623 | https://openalex.org/W1987118673 | https://openalex.org/W2119731090 | https://openalex.org/W4285719527 | https://openalex.org/W2606681694 | https://openalex.org/W2582344991 | https://openalex.org/W2067365358 | https://openalex.org/W2136113054 | https://openalex.org/W1540056755 | https://openalex.org/W2167693765 | https://openalex.org/W4206668008 | https://openalex.org/W4244037279	FALSE		en	Journal of Social Policy	35	
PA_PUB_0000079	ADMINSOC_openalex.tsv	445-460	article	11	https://doi.org/10.1177/009539978001100404	4	https://openalex.org/W2133785351		James E. Skok (James E. Skok); Author_ID: https://openalex.org/A5010172512; ORCID: None; Position: first; Countries: US; Institutions: Pennsylvania State University ### ID: https://openalex.org/I130769515 ### ROR: https://ror.org/04p491231 ### Type: education; Affiliations: Pennsylvania State University	FALSE	Budgetary Politics and Decision-Making	"In this article, a study of the budget process in Pennsylvania state government over the two fiscal years 1975-1976 and 1976-1977 is conducted in an effort to develop a hypothesis which accurately reflects the empirical events of the actual process during that period and which takes into account other recent empirical research findings. It is concluded that in state government budgeting there are two distinct styles of budgetary decision-making- distributive and redistributive. As long as the process remains in a distributive mode, rational-comprehensive approaches and techniques may have some success in influencing the final outcome; however, when the process turns from distributive to redistributive, rational-comprehensive analysis is replaced by traditional partisan-mutual-adjustment techniques."	https://openalex.org/I130769515		closed	1980	https://openalex.org/W2327142471 | https://openalex.org/W6603055784 | https://openalex.org/W2313563931 | https://openalex.org/W2328875342 | https://openalex.org/W2150459713 | https://openalex.org/W2120727354 | https://openalex.org/W2325501595 | https://openalex.org/W1966773450 | https://openalex.org/W1552545097 | https://openalex.org/W1566998961 | https://openalex.org/W1513955264 | https://openalex.org/W1490065266 | https://openalex.org/W2118047101 | https://openalex.org/W1487968933 | https://openalex.org/W4253826503 | https://openalex.org/W2917463123 | https://openalex.org/W73632949 | https://openalex.org/W1967030322 | https://openalex.org/W2553652709	FALSE		en	Administration & Society	14	https://openalex.org/A5010172512
PA_PUB_0000080	PAD_openalex.tsv	250-261	article	19	https://doi.org/10.1002/j.1099-162x.1980.tb01078.x	4	https://openalex.org/W3154191339		David N. Thompson (David Thompson); Author_ID: https://openalex.org/A5088173580; ORCID: https://orcid.org/0000-0002-9096-8642; Position: first; Countries: N/A; Institutions: N/A; Affiliations: N/A	FALSE	Budgetary Structures in Developing Countries				closed	1980		FALSE		en	Public Administration and Development	0	https://openalex.org/A5088173580
PA_PUB_0000081	PAR_openalex.tsv	194-194	article	40	https://doi.org/10.2307/975632	2	https://openalex.org/W2332341047		James P. Pfiffner (James P. Pfiffner); Author_ID: https://openalex.org/A5013330221; ORCID: None; Position: first; Countries: N/A; Institutions: N/A; Affiliations: N/A | Aaron Wíldavsky (Aaron Wildavsky); Author_ID: https://openalex.org/A5057247757; ORCID: None; Position: middle; Countries: N/A; Institutions: N/A; Affiliations: N/A | Albert C. Hyde (Albert C. Hyde); Author_ID: https://openalex.org/A5113927519; ORCID: None; Position: middle; Countries: N/A; Institutions: N/A; Affiliations: N/A | Jay M. Shafritz (Jay M. Shafritz); Author_ID: https://openalex.org/A5010838120; ORCID: None; Position: middle; Countries: N/A; Institutions: N/A; Affiliations: N/A | Fred A. Kramer (Fred A. Kramer); Author_ID: https://openalex.org/A5046742284; ORCID: None; Position: middle; Countries: N/A; Institutions: N/A; Affiliations: N/A | Lance T. LeLoup (Lance T. LeLoup); Author_ID: https://openalex.org/A5067270866; ORCID: None; Position: middle; Countries: N/A; Institutions: N/A; Affiliations: N/A | Dennis S. Ippolito (Dennis S. Ippolito); Author_ID: https://openalex.org/A5060385587; ORCID: None; Position: middle; Countries: N/A; Institutions: N/A; Affiliations: N/A | John Wanat (John Wanat); Author_ID: https://openalex.org/A5056579781; ORCID: None; Position: middle; Countries: N/A; Institutions: N/A; Affiliations: N/A | Joel Havemann (Joel Havemann); Author_ID: https://openalex.org/A5039544655; ORCID: None; Position: middle; Countries: N/A; Institutions: N/A; Affiliations: N/A | Thomas D. Lynch (Thomas D. Lynch); Author_ID: https://openalex.org/A5112452667; ORCID: None; Position: last; Countries: N/A; Institutions: N/A; Affiliations: N/A	FALSE	"Budgeting and the ""People's Reform"""				closed	1980		FALSE		en	Public Administration Review	1	
PA_PUB_0000082	PAR_openalex.tsv	321-321	article	40	https://doi.org/10.2307/3110258	4	https://openalex.org/W2331172020		Michael E. Gleeson (Michael E. Gleeson); Author_ID: https://openalex.org/A5111914387; ORCID: None; Position: first; Countries: N/A; Institutions: N/A; Affiliations: N/A	FALSE	Budgeting for Federal Housing Programs: A Problem and What to Do about It	"The question is whether the federal government has budgeted too little, too much, or just the right amount to meet contractual commitments for Section 8, the nation's largest housing construction subsidy program.' This paper will argue that the authorized budget authority is not sufficient to meet the full term of commitments, and will analyze alternative means of addressing the problem. The paper concludes with a discussion of ways to prevent the problem from arising in the future."			closed	1980		FALSE		en	Public Administration Review	0	https://openalex.org/A5111914387
PA_PUB_0000083	PAR_openalex.tsv	40-40	article	40	https://doi.org/10.2307/976107	1	https://openalex.org/W2332392170		Naomi Caiden (Naomi Caiden); Author_ID: https://openalex.org/A5080171939; ORCID: None; Position: first; Countries: N/A; Institutions: N/A; Affiliations: N/A	FALSE	Budgeting in Poor Countries: Ten Common Assumptions Re-Examined	"If there was ever a subject which has been overwritten, over-analyzed and over-theorized with so little practical result to show for the effort, it is budgeting in poor countries. Report after report by reputable experts has exhorted, cajoled, and pleaded in almost identical terms, yet the very consistency of the findings and prescriptions of these reports indicates that little has resulted in the way of budgetary improvement over the years.' The same complaints occur with disturbing regularity. After two decades of criticism, for example, a 1975 report was still lamenting inconsistent classification used in budgeting, planning, and national accounting, lack of integration in the budget document, a short time perspective, inadequacies of traditional budget classification, academic model building, and over-centralization.2 There are still the same problems in gaining accurate, up-to-date, and timely information.3 Failure to budget recurrent costs of capital projects remains commonplace with disastrous results.4 Inadequate coordination between planning and budgeting is seen as a persistent problem.5 Those actually doing the budgeting in poor countries find few concrete suggestions they can activate amid the torrent of verbiage. The experts for their part are increasingly frustrated because the principles they espouse remain on paper.' What has gone wrong and why has so little progress been made? One problem would seem to be the assumption that the major difficulties of budgeting in poor countries are understood and agreed upon. There seems reason to question this premise in the light of difficulties in applying theory to practice. If the theorists are unclear as to their objectives, or if those objectives are inapplicable and unrealizable in the reality of the administrative contexts to which they are directed, it is little wonder that nothing much has happened to their prescriptions. This paper is directed toward an assessment of some common assumptions of the budgeting literature addressed to poor countries. Because budgeting touches so many aspects of government administration and policy, the assumptions made by anyone attempting to theorize about it are, of necessity, legion. Ten have been selected for discussion."			closed	1980	https://openalex.org/W2136153596 | https://openalex.org/W2327000313	FALSE		en	Public Administration Review	19	https://openalex.org/A5080171939
PA_PUB_0000084	POLSTUJOU_openalex.tsv	53-60	article	9	https://doi.org/10.1111/j.1541-0072.1980.tb00921.x	1	https://openalex.org/W2003814577		Gerald Auten (Gerald E. Auten); Author_ID: https://openalex.org/A5019464182; ORCID: None; Position: first; Countries: US; Institutions: Bowling Green State University ### ID: https://openalex.org/I157417397 ### ROR: https://ror.org/00ay7va13 ### Type: education; Affiliations: [Bowling Green State University]	FALSE	CAPITAL GAINS TAXES AND REALIZATIONS: CAN A TAX CUT PAY FOR ITSELF?*	"ABSTRACT This paper is concerned with the effects of capital gains taxes on realizations of accrued capital gains. Previous empirical studies are summarized and exploratory new research using pooled cross‐section and time‐series tax data is presented. Capital gains realizations are found to be responsive to capital gains tax rates. The magnitude of the response, however, is not sufficient to support the conclusion that a capital gains tax cut would pay for itself."	https://openalex.org/I157417397		closed	1980	https://openalex.org/W29060053 | https://openalex.org/W2087052789 | https://openalex.org/W2041037901 | https://openalex.org/W3137869732 | https://openalex.org/W3138150334 | https://openalex.org/W3124605937 | https://openalex.org/W4241724657 | https://openalex.org/W2046709716	FALSE		en	Policy Studies Journal	1	https://openalex.org/A5019464182
PA_PUB_0000085	POLSTUJOU_openalex.tsv	879-885	article	8	https://doi.org/10.1111/j.1541-0072.1980.tb01178.x	6	https://openalex.org/W2080063149		Harold Molineu (Harold Molineu); Author_ID: https://openalex.org/A5004265774; ORCID: None; Position: first; Countries: US; Institutions: Ohio University ### ID: https://openalex.org/I4210106879 ### ROR: https://ror.org/01jr3y717 ### Type: education; Affiliations: Ohio University	FALSE	CARTER AND HUMAN RIGHTS: ADMINISTRATIVE IMPACT OF A SYMBOLIC POLICY	"ABSTRACT Analyses of foreign policy impact seldom take into account the domestic and symbolic consequences of implementation. This study begins with the assumption that since President Carter's human rights policy is largely an exercise in symbolic politics, the criteria for understanding its impact have more to do with the impression than with substantive improvement in human rights. Implementation to date has been felt primarily in administrative adjustments and revisions, not on concrete achievements in human rights around the world. While in terms of substantive criteria the impact of the policy has been minimal, in terms of increased bureaucratic visibility and other symbolic responses, the policy's implementation can be considered successful."	https://openalex.org/I4210106879		closed	1980	https://openalex.org/W2035771088 | https://openalex.org/W2798050613 | https://openalex.org/W3164492451 | https://openalex.org/W4254878567	FALSE		en	Policy Studies Journal	2	https://openalex.org/A5004265774
PA_PUB_0000086	POLSTUJOU_openalex.tsv	1089-1101	article	8	https://doi.org/10.1111/j.1541-0072.1980.tb00897.x	7	https://openalex.org/W2031404978		"Robert T. Nakamura (Robert T. Nakamura); Author_ID: https://openalex.org/A5028879734; ORCID: None; Position: first; Countries: GB, US; Institutions: Dartmouth Hospital ### ID: https://openalex.org/I4210166639 ### ROR: https://ror.org/02j3qj605 ### Type: healthcare || Dartmouth College ### ID: https://openalex.org/I107672454 ### ROR: https://ror.org/049s0rh22 ### Type: education; Affiliations: Dartmouth College | Dianne M. Pinderhughes (Dianne M. Pinderhughes); Author_ID: https://openalex.org/A5047163872; ORCID: None; Position: last; Countries: GB, US; Institutions: Dartmouth Hospital ### ID: https://openalex.org/I4210166639 ### ROR: https://ror.org/02j3qj605 ### Type: healthcare || Dartmouth College ### ID: https://openalex.org/I107672454 ### ROR: https://ror.org/049s0rh22 ### Type: education; Affiliations: Dartmouth College"	FALSE	CHANGING ANACOSTIA: DEFINITION AND IMPLEMENTATION				closed	1980	https://openalex.org/W2313563931 | https://openalex.org/W1586702342 | https://openalex.org/W2090758213 | https://openalex.org/W4243714873 | https://openalex.org/W2084580261 | https://openalex.org/W2321555799 | https://openalex.org/W4253228542 | https://openalex.org/W2080019671	FALSE		en	Policy Studies Journal	12	
PA_PUB_0000087	PAR_openalex.tsv	231-231	article	40	https://doi.org/10.2307/975376	3	https://openalex.org/W2326697149		David L. Weimer (David Leo Weimer); Author_ID: https://openalex.org/A5023459559; ORCID: https://orcid.org/0000-0001-9237-623X; Position: first; Countries: N/A; Institutions: N/A; Affiliations: N/A	FALSE	CMIS Implementation: A Demonstration of Predictive Analysis	"In recent years, students of the policy sciences have repeatedly drawn attention to the importance of trying to anticipate implementation problems before programs are launched on a large scale.' Not surprisingly, little has been offered in the way of general models that provide new methodologies for those conducting implementation analysis.2 We should not expect powerful general theories about a process that is so highly dependent upon the complex interactions of specific characteristics of programs and the particular organizational contexts in which they appear. In the absence of strong theory, we might turn to examples of practical application for guidance. Although there is a growing number of case studies that focus on implementation problems available, they usually take the form of autopsies on failed programs that neither make testable predictions nor indicate how such predictions could be made. The purpose of this paper is to provide an example of an implementation analysis, including an investigation of the validity of its predictions. We demonstrate how an implementation analysis could have been conducted prior to the launching of a Law Enforcement Assistance Administration (LEAA) program designed to induce the diffusion of a computerized case management information system (CMIS) as an innovation in prosecution management. Here we use the designation CMIS to refer to a computerized data collection, storage and retrieval system designed to aid in managerial decision making by facilitating the conversion of routinely collected case data to relevant information when required.3 The CMIS, called PROMIS (Prosecutor's Management Information System), has diffused over the last five years to over 65 jurisdictions as a result of the information, funding, and technical assistance provided by the PROMIS Transfer Project.4 The decision to diffuse PROMIS was based on the implicit assumption that funding and technical assistance would permit the realization in practice of the hypothesized benefits of CMIS adoption.5 Our implementation analysis casts serious doubt on the validity of this assumption by predicting a number of implementation problems that block the realization of major PROMIS benefits and are unlikely to be overcome by technical assistance. In other words, our implementation analysis would have"			closed	1980	https://openalex.org/W1556064267 | https://openalex.org/W2141805610	FALSE		en	Public Administration Review	1	https://openalex.org/A5023459559
PA_PUB_0000088	POLSTUJOU_openalex.tsv	132-145	article	9	https://doi.org/10.1111/j.1541-0072.1980.tb00936.x	1	https://openalex.org/W2082280998		"Jarol B. Manheim (Jarol B. Manheim); Author_ID: https://openalex.org/A5015439995; ORCID: None; Position: first; Countries: US; Institutions: Old Dominion University ### ID: https://openalex.org/I81365321 ### ROR: https://ror.org/04zjtrb98 ### Type: education || Virginia Tech ### ID: https://openalex.org/I859038795 ### ROR: https://ror.org/02smfhw86 ### Type: education; Affiliations: Virginia Polytechnic Institute and State University Allison Ondrasik, Old Dominion University"	FALSE	COMMUNICATION POLICY: A SELECTED BIBLIOGRAPHY		"https://openalex.org/I81365321, https://openalex.org/I859038795"		closed	1980		FALSE		en	Policy Studies Journal	2	https://openalex.org/A5015439995
PA_PUB_0000089	POLSTUJOU_openalex.tsv	394-403	article	9	https://doi.org/10.1111/j.1541-0072.1980.tb00948.x	3	https://openalex.org/W2131187113		Ronald Brickman (Ronald Brickman); Author_ID: https://openalex.org/A5075413837; ORCID: None; Position: first; Countries: US; Institutions: Cornell University ### ID: https://openalex.org/I205783295 ### ROR: https://ror.org/05bnh6r87 ### Type: education; Affiliations: Cornell University | Sheila Jasonoff (Sheila Jasonoff); Author_ID: https://openalex.org/A5072895100; ORCID: None; Position: last; Countries: US; Institutions: Cornell University ### ID: https://openalex.org/I205783295 ### ROR: https://ror.org/05bnh6r87 ### Type: education; Affiliations: Cornell University	FALSE	CONCEPTS OF RISK AND SAFETY IN TOXIC SUBSTANCES REGULATION: A COMPARISON OF FRANCE AND THE U.S.	"ABSTRACT The notions of risk and safety which play a conspicuous role in the regulation of toxic substances have shown a markedly different evolution in France and the United States. American law has moved toward the development of statutory criteria of risk assessment, balancing both the costs and benefits of regulation, while the French legislator has consistently avoided a substantive elaboration of safety concepts through legal texts. This contrast is documented and its implications for the discretionary authority of regulating agencies discussed. Divergent national patterns are explained with reference to four factors distinguishing the legal and political systems of the two countries."			closed	1980	https://openalex.org/W278216679	FALSE		en	Policy Studies Journal	4	
PA_PUB_0000090	POLSTUJOU_openalex.tsv	893-900	article	8	https://doi.org/10.1111/j.1541-0072.1980.tb01180.x	6	https://openalex.org/W2089082634		"Phyllis Strong Green (Phyllis Strong Green); Author_ID: https://openalex.org/A5054716279; ORCID: None; Position: first; Countries: US; Institutions: Rutgers, The State University of New Jersey ### ID: https://openalex.org/I102322142 ### ROR: https://ror.org/05vt9qd57 ### Type: education; Affiliations: Rutgers, University"	FALSE	"CONFOUNDING INFLUENCES, UNINTENDED IMPACTS, AND GROWTH MANAGEMENT POLICIES"	"ABSTRACT This study demonstrates the relationship among inputs, indirect effects, and intended and unanticipated consequences in determining the content and scope of growth management policies in three California cities. It shows that while a short time frame obfuscates a number of policy impacts, local policymakers can achieve policy objectives if they are aware of and utilize options that are available to them during the implementation process. The study suggests that despite the very real constraints imposed by state legislation and weak regional governments, local governments can more effectively deal with externalities by adopting complementary city‐county policies and negotiating priorities."	https://openalex.org/I102322142		closed	1980	https://openalex.org/W2482038711 | https://openalex.org/W2325893227 | https://openalex.org/W4211104958	FALSE		en	Policy Studies Journal	4	https://openalex.org/A5054716279
PA_PUB_0000091	POLSTUJOU_openalex.tsv	964-968	article	8	https://doi.org/10.1111/j.1541-0072.1980.tb01189.x	6	https://openalex.org/W1968959300		"Joseph W. Duncan (Joseph W. Duncan); Author_ID: https://openalex.org/A5023107270; ORCID: None; Position: first; Countries: US; Institutions: United States Department of Commerce ### ID: https://openalex.org/I1343035065 ### ROR: https://ror.org/04chq2495 ### Type: government; Affiliations: Office of Federal Statistical Policy and Standards, U.S. Department of Commerce"	FALSE	COORDINATING FEDERAL STATISTICS		https://openalex.org/I1343035065		closed	1980		FALSE		en	Policy Studies Journal	0	https://openalex.org/A5023107270
PA_PUB_0000092	POLSTUJOU_openalex.tsv	522-534	article	9	https://doi.org/10.1111/j.1541-0072.1980.tb00963.x	4	https://openalex.org/W2070295601		Fred Dallmayr (Fred R. Dallmayr); Author_ID: https://openalex.org/A5041919263; ORCID: None; Position: first; Countries: US; Institutions: University of Notre Dame ### ID: https://openalex.org/I107639228 ### ROR: https://ror.org/00mkhxb43 ### Type: education; Affiliations: University of Notre Dame	FALSE	CRITICAL THEORY AND PUBLIC POLICY	"ABSTRACT In the confines of the study of politics, public policy analysis involves a shift from pure to applied research, a shift which intensifies the problem of the fact‐value split inherited from positivist behavioralism. While early public policy literature concentrated on empirical policy‐making processes bypassing moral criteria, some recent writings have elaborated on policymaking and policy evaluation as a type of normative inquiry; significant steps in this direction have been undertaken by Duncan MacRae and especially by Jurgen Habermas in the context of “critical theory.” According to Habermas, policy evaluation requires a critically reflective “practical discourse” open not only to experts or policy analysts but to the public at large. The paper argues that such discourse is a valuable remedy against the technical‐instrumental bent of applied science, but that recovery of a fully non‐instrumental “practical” judgement presupposes an evaluation not only of concrete policies but of the status of “policy” itself."	https://openalex.org/I107639228		closed	1980	https://openalex.org/W2318186254 | https://openalex.org/W1994556079 | https://openalex.org/W2164703164 | https://openalex.org/W2313765525 | https://openalex.org/W2156974588 | https://openalex.org/W2085095738 | https://openalex.org/W2082051085 | https://openalex.org/W2014149921 | https://openalex.org/W2121351954 | https://openalex.org/W2318461218 | https://openalex.org/W2053013007	FALSE		en	Policy Studies Journal	10	https://openalex.org/A5041919263
PA_PUB_0000093	CANPUB_openalex.tsv	423-423	article	6	https://doi.org/10.2307/3550032	2	https://openalex.org/W2088978628		Frederick C. Engelmann (Frederick C. Engelmann); Author_ID: https://openalex.org/A5058072894; ORCID: None; Position: first; Countries: N/A; Institutions: N/A; Affiliations: N/A | R.B. Byers (R. B. Byers); Author_ID: https://openalex.org/A5083556529; ORCID: None; Position: middle; Countries: N/A; Institutions: N/A; Affiliations: N/A | Robert W. Reford (Robert W. Reford); Author_ID: https://openalex.org/A5046350356; ORCID: None; Position: last; Countries: N/A; Institutions: N/A; Affiliations: N/A	FALSE	Canada Challenged: The Viability of Confederation				closed	1980		FALSE		en	Canadian Public Policy	2	
PA_PUB_0000094	CANPUB_openalex.tsv	131-131	article	6	https://doi.org/10.2307/3550080	1	https://openalex.org/W2034654092		Brian L. Scarfe (B. L. Scarfe); Author_ID: https://openalex.org/A5048999344; ORCID: None; Position: first; Countries: N/A; Institutions: N/A; Affiliations: N/A | Michael Hudson (Michael Hudson); Author_ID: https://openalex.org/A5108806822; ORCID: None; Position: last; Countries: N/A; Institutions: N/A; Affiliations: N/A	FALSE	Canada in the New Monetary Order: Borrow? Devalue? Restructure!				closed	1980		FALSE		en	Canadian Public Policy	1	
PA_PUB_0000095	CANPUB_openalex.tsv	704-704	article	6	https://doi.org/10.2307/3549793	4	https://openalex.org/W2014200091		Herbert G. Grubel (Herbert G. Grubel); Author_ID: https://openalex.org/A5109939586; ORCID: None; Position: first; Countries: N/A; Institutions: N/A; Affiliations: N/A | Harlo L. Robinson (H. Lukin Robinson); Author_ID: https://openalex.org/A5074876370; ORCID: None; Position: last; Countries: N/A; Institutions: N/A; Affiliations: N/A	FALSE	Canada's Crippled Dollar: An Analysis of International Trade and Our Troubled Balance of Payments				closed	1980		FALSE		en	Canadian Public Policy	1	
PA_PUB_0000096	CANPUB_openalex.tsv	560-560	article	6	https://doi.org/10.2307/3550108	3	https://openalex.org/W2030723008		Grant L. Reuber (Grant L. Reuber); Author_ID: https://openalex.org/A5079494299; ORCID: None; Position: first; Countries: N/A; Institutions: N/A; Affiliations: N/A	FALSE	Canada's Political Economy: Current Issues				closed	1980		FALSE		en	Canadian Public Policy	1	https://openalex.org/A5079494299
PA_PUB_0000097	CANPUB_openalex.tsv	703-703	article	6	https://doi.org/10.2307/3549792	4	https://openalex.org/W4235242768		Alan S. Alexandroff (Alan Alexandroff); Author_ID: https://openalex.org/A5027102830; ORCID: https://orcid.org/0000-0001-8411-6622; Position: first; Countries: N/A; Institutions: N/A; Affiliations: N/A | Harald von Riekhoff (Harald von Riekhoff); Author_ID: https://openalex.org/A5081747175; ORCID: None; Position: middle; Countries: N/A; Institutions: N/A; Affiliations: N/A | John Sigler (John Sigler); Author_ID: https://openalex.org/A5039954739; ORCID: None; Position: middle; Countries: N/A; Institutions: N/A; Affiliations: N/A | Brian Tomlin (Brian Tomlin); Author_ID: https://openalex.org/A5034106354; ORCID: https://orcid.org/0000-0002-2533-1039; Position: last; Countries: N/A; Institutions: N/A; Affiliations: N/A	FALSE	"Canada-U.S. Relations: Policy Environments, Issues and Prospects"				closed	1980		FALSE		en	Canadian Public Policy	0	
PA_PUB_0000098	CANPUB_openalex.tsv	444-444	article	6	https://doi.org/10.2307/3550094	3	https://openalex.org/W1968041351		David B. Brooks (David B. Brooks); Author_ID: https://openalex.org/A5057347142; ORCID: None; Position: first; Countries: N/A; Institutions: N/A; Affiliations: N/A | Robert Paehlke (Robert C. Paehlke); Author_ID: https://openalex.org/A5066603496; ORCID: None; Position: last; Countries: N/A; Institutions: N/A; Affiliations: N/A	FALSE	Canada: A Soft Path in a Hard Country				closed	1980	https://openalex.org/W2130522855 | https://openalex.org/W168014034 | https://openalex.org/W616759014 | https://openalex.org/W172632711	FALSE		fr	Canadian Public Policy	1	
PA_PUB_0000099	CANPUB_openalex.tsv	628-628	article	6	https://doi.org/10.2307/3549761	4	https://openalex.org/W2066891879		Ralph Paragg (Ralph R. Paragg); Author_ID: https://openalex.org/A5069339111; ORCID: None; Position: first; Countries: N/A; Institutions: N/A; Affiliations: N/A	FALSE	Canadian Aid in the Commonwealth Caribbean: Neo-Colonialism or Development?	"This article seeks to answer the question: 'Is Canadian aid in the Commonwealth Caribbean a form of neo-colonialism as its detractors are apt to claim, or is it supportive of development in the region?' Aid activities are analyzed in terms of hypotheses derived from dependency theory. Our findings reveal that Canadian aid-behaviour deviates significantly from the dependency model of aid, and is, indeed, supportive of Caribbean development despite a dearth of Canadian direct aid involvement in industrial projects. Canadian aid is focussed on the development of infra-structure, food production, education and manpower training, and resource development. These activities are compatible with the goal of Caribbean states to diversify their economic base. The analysis suggests that the lack of Canadian 'aid-imperialism' in the Commonwealth Caribbean inheres in Canada's political image as one of the most international of nations and a friend of small and weak countries with a high respect for the principle of national sovereignty."			closed	1980	https://openalex.org/W2795771066 | https://openalex.org/W2061093610 | https://openalex.org/W1569664822	FALSE		en	Canadian Public Policy	10	https://openalex.org/A5069339111
PA_PUB_0000100	CANPUB_openalex.tsv	407-407	article	6	https://doi.org/10.2307/3550012	2	https://openalex.org/W2333236325		Gayle Garland (G. D. Garland); Author_ID: https://openalex.org/A5059659987; ORCID: None; Position: first; Countries: N/A; Institutions: N/A; Affiliations: N/A | Jocelyn Maynard Ghent (Jocelyn Maynard Ghent); Author_ID: https://openalex.org/A5037330640; ORCID: None; Position: last; Countries: N/A; Institutions: N/A; Affiliations: N/A	FALSE	Canadian Government Participation in International Science and Technology				closed	1980		FALSE		en	Canadian Public Policy	0	
